Time,Ch1,Ch2,Ch2,Ch4,Ch5
1759344349,19.71,19.92,19.69,20.55,19.18
1759344359,19.71,19.91,19.69,20.54,19.18
1759344369,19.71,19.83,19.67,20.54,19.17
1759344379,19.7,19.75,19.65,20.54,19.15
1759344389,19.7,19.75,19.65,20.55,19.15
1759344399,19.7,19.71,19.64,20.55,19.14
1759344409,19.69,19.62,19.61,20.55,19.11
1759344419,19.68,19.5,19.56,20.55,19.07
1759344429,19.67,19.41,19.51,20.55,19.04
1759344439,19.65,19.23,19.46,20.56,19.01
1759344449,19.64,19.06,19.38,20.56,18.96
1759344459,19.62,18.96,19.33,20.57,18.91
1759344469,19.61,18.93,19.31,20.57,18.89
1759344479,19.59,18.93,19.29,20.57,18.87
1759344489,19.59,18.89,19.28,20.58,18.85
1759344499,19.59,18.89,19.28,20.58,18.84
1759344509,19.57,18.87,19.27,20.57,18.83
1759344519,19.57,18.88,19.28,20.58,18.82
1759344529,19.57,18.91,19.28,20.58,18.83
1759344539,19.57,18.91,19.28,20.59,18.83
1759344549,19.58,18.93,19.29,20.6,18.84
1759344559,19.57,18.92,19.28,20.59,18.83
1759344569,19.57,18.92,19.27,20.59,18.84
1759344579,19.58,18.92,19.27,20.6,18.84
1759344589,19.58,18.92,19.28,20.6,18.83
1759344599,19.57,18.91,19.27,20.59,18.82
1759344609,19.57,18.89,19.26,20.59,18.82
1759344619,19.57,18.92,19.27,20.59,18.83
1759344629,19.57,18.94,19.27,20.59,18.83
1759344639,19.56,18.93,19.27,20.58,18.82
1759344649,19.57,18.95,19.29,20.59,18.84
1759344659,19.57,18.98,19.29,20.58,18.84
1759344669,19.57,19.07,19.31,20.58,18.86
1759344679,19.59,19.17,19.35,20.59,18.9
1759344689,19.6,19.27,19.39,20.59,18.93
1759344699,19.61,19.37,19.43,20.58,18.97
1759344709,19.62,19.45,19.46,20.58,19
1759344719,19.64,19.53,19.5,20.58,19.03
1759344729,19.65,19.59,19.53,20.59,19.06
1759344739,19.66,19.64,19.55,20.58,19.08
1759344749,19.67,19.67,19.57,20.58,19.09
1759344759,19.69,19.72,19.59,20.58,19.11
1759344769,19.69,19.76,19.61,20.58,19.13
1759344779,19.69,19.77,19.61,20.57,19.13
1759344789,19.69,19.79,19.63,20.57,19.14
1759344799,19.7,19.82,19.64,20.57,19.15
1759344809,19.71,19.84,19.66,20.58,19.17
1759344819,19.72,19.82,19.67,20.58,19.17
1759344829,19.71,19.73,19.64,20.57,19.15
1759344839,19.7,19.66,19.61,20.57,19.12
1759344849,19.7,19.66,19.6,20.57,19.11
1759344859,19.7,19.62,19.59,20.58,19.11
1759344869,19.69,19.57,19.58,20.58,19.09
1759344879,19.68,19.5,19.56,20.58,19.06
1759344889,19.68,19.45,19.54,20.58,19.05
1759344899,19.67,19.36,19.51,20.59,19.02
1759344909,19.66,19.29,19.47,20.58,18.99
1759344919,19.64,19.25,19.45,20.58,18.97
1759344929,19.63,19.16,19.42,20.58,18.94
1759344939,19.63,19.11,19.39,20.58,18.92
1759344949,19.62,19.08,19.38,20.6,18.91
1759344959,19.62,19.04,19.36,20.6,18.9
1759344969,19.61,19.02,19.34,20.6,18.89
1759344979,19.6,18.99,19.33,20.6,18.88
1759344989,19.6,18.97,19.33,20.6,18.88
1759344999,19.6,18.97,19.32,20.6,18.86
1759345009,19.59,18.96,19.31,20.59,18.85
1759345019,19.58,18.95,19.3,20.59,18.84
1759345029,19.58,18.95,19.3,20.59,18.84
1759345039,19.58,18.93,19.29,20.6,18.84
1759345049,19.59,18.94,19.29,20.6,18.84
1759345059,19.59,18.95,19.31,20.61,18.85
1759345069,19.59,18.93,19.3,20.61,18.84
1759345079,19.59,18.93,19.29,20.61,18.84
1759345089,19.59,18.93,19.29,20.61,18.84
1759345099,19.59,18.93,19.29,20.61,18.84
1759345109,19.59,18.94,19.3,20.61,18.84
1759345119,19.59,18.95,19.29,20.61,18.84
1759345129,19.6,18.95,19.29,20.61,18.85
1759345139,19.6,18.94,19.3,20.61,18.85
1759345149,19.6,18.95,19.3,20.61,18.84
1759345159,19.59,18.94,19.29,20.61,18.84
1759345169,19.59,18.95,19.29,20.61,18.84
1759345179,19.6,18.96,19.3,20.62,18.85
1759345189,19.6,18.95,19.31,20.62,18.84
1759345199,19.6,18.96,19.31,20.61,18.84
1759345209,19.6,18.99,19.31,20.61,18.84
1759345219,19.6,19,19.31,20.61,18.85
1759345229,19.61,19.01,19.32,20.61,18.86
1759345239,19.61,19.12,19.34,20.62,18.88
1759345249,19.61,19.21,19.37,20.61,18.91
1759345259,19.62,19.25,19.38,20.6,18.92
1759345269,19.63,19.39,19.45,20.61,18.98
1759345279,19.65,19.47,19.49,20.61,19.02
1759345289,19.66,19.51,19.5,20.61,19.02
1759345299,19.68,19.6,19.55,20.61,19.07
1759345309,19.69,19.65,19.57,20.61,19.09
1759345319,19.69,19.68,19.59,20.6,19.1
1759345329,19.7,19.72,19.6,20.6,19.12
1759345339,19.7,19.76,19.62,20.6,19.13
1759345349,19.7,19.78,19.62,20.59,19.13
1759345359,19.71,19.8,19.64,20.59,19.14
1759345369,19.72,19.83,19.66,20.59,19.16
1759345379,19.72,19.86,19.67,20.59,19.16
1759345389,19.72,19.83,19.67,20.58,19.16
1759345399,19.72,19.76,19.66,20.58,19.15
1759345409,19.72,19.68,19.63,20.58,19.12
1759345419,19.71,19.63,19.61,20.58,19.11
1759345429,19.7,19.51,19.58,20.58,19.07
1759345439,19.7,19.4,19.54,20.59,19.04
1759345449,19.68,19.26,19.49,20.59,19
1759345459,19.67,19.14,19.44,20.6,18.96
1759345469,19.65,19.03,19.39,20.59,18.91
1759345479,19.62,18.94,19.34,20.59,18.88
1759345489,19.62,18.86,19.3,20.6,18.85
1759345499,19.61,18.78,19.27,20.61,18.82
1759345509,19.6,18.75,19.25,20.62,18.81
1759345519,19.6,18.73,19.23,20.62,18.8
1759345529,19.59,18.71,19.22,20.62,18.79
1759345539,19.58,18.69,19.2,20.62,18.77
1759345549,19.57,18.69,19.18,20.61,18.76
1759345559,19.56,18.68,19.17,20.62,18.74
1759345569,19.56,18.7,19.18,20.62,18.73
1759345579,19.56,18.82,19.2,20.61,18.76
1759345589,19.57,18.97,19.26,20.61,18.81
1759345599,19.58,19.1,19.31,20.6,18.86
1759345609,19.61,19.22,19.37,20.61,18.91
1759345619,19.62,19.32,19.41,20.6,18.95
1759345629,19.64,19.43,19.46,20.6,18.99
1759345639,19.66,19.53,19.51,20.6,19.03
1759345649,19.67,19.59,19.53,20.59,19.06
1759345659,19.68,19.65,19.57,20.59,19.08
1759345669,19.69,19.69,19.58,20.58,19.1
1759345679,19.71,19.74,19.61,20.59,19.12
1759345689,19.71,19.77,19.63,20.59,19.14
1759345699,19.72,19.8,19.64,20.58,19.15
1759345709,19.73,19.85,19.66,20.59,19.17
1759345719,19.72,19.85,19.67,20.58,19.17
1759345729,19.72,19.84,19.67,20.57,19.17
1759345739,19.73,19.81,19.67,20.58,19.17
1759345749,19.74,19.75,19.66,20.59,19.15
1759345759,19.73,19.74,19.65,20.59,19.15
1759345769,19.71,19.74,19.64,20.58,19.14
1759345779,19.72,19.73,19.64,20.58,19.14
1759345789,19.71,19.68,19.63,20.58,19.12
1759345799,19.72,19.61,19.62,20.59,19.12
1759345809,19.71,19.51,19.58,20.59,19.08
1759345819,19.69,19.43,19.55,20.59,19.05
1759345829,19.69,19.38,19.53,20.59,19.03
1759345839,19.68,19.33,19.5,20.59,19.01
1759345849,19.67,19.26,19.48,20.6,18.99
1759345859,19.67,19.23,19.46,20.6,18.98
1759345869,19.66,19.17,19.44,20.61,18.96
1759345879,19.66,19.13,19.43,20.62,18.95
1759345889,19.65,19.09,19.4,20.61,18.93
1759345899,19.65,19.08,19.4,20.62,18.92
1759345909,19.64,19.07,19.38,20.62,18.91
1759345919,19.63,19.03,19.37,20.62,18.9
1759345929,19.62,19,19.35,20.61,18.88
1759345939,19.62,19,19.34,20.62,18.87
1759345949,19.62,18.98,19.34,20.62,18.87
1759345959,19.62,18.97,19.33,20.62,18.86
1759345969,19.61,18.98,19.33,20.62,18.86
1759345979,19.62,18.99,19.34,20.63,18.87
1759345989,19.62,19,19.35,20.63,18.87
1759345999,19.61,19,19.34,20.62,18.86
1759346009,19.62,19.01,19.34,20.63,18.87
1759346019,19.61,18.99,19.34,20.62,18.87
1759346029,19.62,18.99,19.34,20.63,18.87
1759346039,19.63,19,19.35,20.64,18.88
1759346049,19.64,18.98,19.36,20.64,18.88
1759346059,19.63,18.99,19.35,20.64,18.87
1759346069,19.63,18.99,19.34,20.64,18.86
1759346079,19.63,18.99,19.34,20.64,18.87
1759346089,19.62,18.97,19.32,20.64,18.87
1759346099,19.62,18.97,19.32,20.64,18.86
1759346109,19.62,18.99,19.32,20.64,18.86
1759346119,19.62,19.01,19.33,20.64,18.87
1759346129,19.63,19.03,19.34,20.64,18.88
1759346139,19.63,19.15,19.38,20.64,18.91
1759346149,19.64,19.25,19.41,20.64,18.94
1759346159,19.65,19.34,19.45,20.64,18.97
1759346169,19.65,19.43,19.48,20.63,19
1759346179,19.67,19.52,19.51,20.63,19.03
1759346189,19.66,19.55,19.52,20.62,19.03
1759346199,19.68,19.63,19.56,20.62,19.09
1759346209,19.7,19.71,19.61,20.63,19.11
1759346219,19.71,19.74,19.62,20.62,19.14
1759346229,19.72,19.79,19.64,20.62,19.14
1759346239,19.73,19.81,19.66,20.62,19.16
1759346249,19.73,19.82,19.66,20.61,19.17
1759346259,19.74,19.85,19.68,20.63,19.19
1759346269,19.74,19.88,19.69,20.61,19.19
1759346279,19.75,19.9,19.71,20.62,19.21
1759346289,19.75,19.87,19.7,20.61,19.2
1759346299,19.74,19.79,19.68,20.6,19.17
1759346309,19.74,19.72,19.66,20.61,19.15
1759346319,19.74,19.72,19.65,20.61,19.15
1759346329,19.74,19.71,19.65,20.61,19.15
1759346339,19.73,19.67,19.65,20.61,19.14
1759346349,19.73,19.59,19.63,20.62,19.12
1759346359,19.73,19.5,19.6,20.62,19.1
1759346369,19.71,19.4,19.56,20.62,19.06
1759346379,19.71,19.3,19.52,20.62,19.03
1759346389,19.7,19.27,19.5,20.63,19.01
1759346399,19.69,19.25,19.49,20.63,19
1759346409,19.68,19.19,19.47,20.63,18.97
1759346419,19.68,19.15,19.46,20.64,18.96
1759346429,19.67,19.12,19.44,20.63,18.94
1759346439,19.66,19.06,19.41,20.63,18.93
1759346449,19.65,19.01,19.39,20.64,18.91
1759346459,19.65,19.02,19.38,20.64,18.91
1759346469,19.65,19.02,19.38,20.65,18.9
1759346479,19.64,19.02,19.36,20.64,18.89
1759346489,19.64,18.99,19.36,20.65,18.89
1759346499,19.64,19,19.36,20.65,18.88
1759346509,19.66,19.02,19.38,20.66,18.9
1759346519,19.65,19.01,19.38,20.66,18.89
1759346529,19.65,19,19.37,20.66,18.88
1759346539,19.65,19.01,19.37,20.67,18.89
1759346549,19.66,19,19.38,20.68,18.9
1759346559,19.66,19,19.37,20.68,18.89
1759346569,19.66,19,19.37,20.67,18.89
1759346579,19.66,18.97,19.36,20.67,18.89
1759346589,19.65,18.98,19.35,20.67,18.88
1759346599,19.65,18.98,19.35,20.67,18.87
1759346609,19.65,18.96,19.35,20.67,18.87
1759346619,19.65,18.96,19.34,20.67,18.87
1759346629,19.65,19,19.35,20.68,18.88
1759346639,19.65,19.03,19.36,20.68,18.89
1759346649,19.65,19.04,19.36,20.67,18.89
1759346659,19.65,19.09,19.38,20.67,18.9
1759346669,19.66,19.12,19.39,20.68,18.91
1759346679,19.66,19.19,19.42,20.68,18.94
1759346689,19.68,19.28,19.45,20.68,18.97
1759346699,19.68,19.37,19.48,20.68,19
1759346709,19.69,19.48,19.52,20.67,19.03
1759346719,19.71,19.57,19.56,20.68,19.07
1759346729,19.73,19.65,19.6,20.68,19.11
1759346739,19.73,19.71,19.62,20.67,19.13
1759346749,19.74,19.74,19.64,20.66,19.15
1759346759,19.75,19.78,19.66,20.66,19.16
1759346769,19.77,19.82,19.69,20.67,19.19
1759346779,19.77,19.85,19.7,20.67,19.2
1759346789,19.77,19.87,19.71,20.66,19.2
1759346799,19.78,19.9,19.72,20.67,19.22
1759346809,19.79,19.91,19.73,20.67,19.23
1759346819,19.79,19.91,19.74,20.67,19.23
1759346829,19.78,19.87,19.73,20.66,19.22
1759346839,19.79,19.78,19.71,20.66,19.21
1759346849,19.78,19.72,19.68,20.66,19.18
1759346859,19.76,19.7,19.65,20.65,19.17
1759346869,19.76,19.69,19.65,20.65,19.16
1759346879,19.76,19.67,19.66,20.66,19.16
1759346889,19.75,19.59,19.64,20.66,19.14
1759346899,19.75,19.5,19.61,20.66,19.11
1759346909,19.74,19.42,19.58,20.66,19.08
1759346919,19.73,19.37,19.55,20.66,19.05
1759346929,19.72,19.28,19.52,20.66,19.02
1759346939,19.71,19.24,19.5,20.67,19.01
1759346949,19.71,19.18,19.48,20.68,19
1759346959,19.7,19.14,19.46,20.68,18.98
1759346969,19.7,19.11,19.44,20.68,18.97
1759346979,19.69,19.07,19.43,20.68,18.95
1759346989,19.69,19.07,19.42,20.69,18.95
1759346999,19.68,19.05,19.4,20.68,18.93
1759347009,19.68,19.05,19.4,20.68,18.93
1759347019,19.67,19.03,19.39,20.69,18.93
1759347029,19.68,19.05,19.4,20.7,18.94
1759347039,19.68,19.08,19.4,20.7,18.95
1759347049,19.68,19.07,19.4,20.7,18.94
1759347059,19.68,19.06,19.38,20.69,18.93
1759347069,19.67,19.05,19.38,20.7,18.93
1759347079,19.68,19.04,19.38,20.7,18.92
1759347089,19.68,19.02,19.38,20.7,18.92
1759347099,19.67,19.03,19.37,20.7,18.91
1759347109,19.67,19.01,19.37,20.69,18.91
1759347119,19.67,19.01,19.37,20.7,18.91
1759347129,19.67,19.02,19.36,20.69,18.91
1759347139,19.67,19.03,19.37,20.69,18.91
1759347149,19.68,19.04,19.38,20.7,18.92
1759347159,19.68,19.06,19.38,20.7,18.92
1759347169,19.67,19.07,19.38,20.7,18.92
1759347179,19.68,19.1,19.39,20.7,18.93
1759347189,19.68,19.13,19.4,20.7,18.95
1759347199,19.68,19.11,19.4,20.7,18.93
1759347209,19.68,19.13,19.4,20.7,18.94
1759347219,19.69,19.16,19.41,20.7,18.94
1759347229,19.68,19.16,19.42,20.7,18.95
1759347239,19.68,19.17,19.41,20.69,18.95
1759347249,19.68,19.16,19.42,20.71,18.95
1759347259,19.67,19.12,19.41,20.69,18.94
1759347269,19.68,19.12,19.41,20.69,18.94
1759347279,19.68,19.13,19.42,20.69,18.94
1759347289,19.69,19.13,19.41,20.69,18.94
1759347299,19.69,19.13,19.41,20.69,18.94
1759347309,19.68,19.14,19.41,20.69,18.95
1759347319,19.69,19.13,19.41,20.69,18.94
1759347329,19.69,19.13,19.42,20.7,18.95
1759347339,19.69,19.15,19.42,20.7,18.95
1759347349,19.69,19.15,19.42,20.7,18.95
1759347359,19.69,19.16,19.43,20.69,18.95
1759347369,19.69,19.17,19.43,20.7,18.96
1759347379,19.69,19.15,19.42,20.69,18.95
1759347389,19.69,19.17,19.43,20.69,18.95
1759347399,19.69,19.17,19.43,20.69,18.95
1759347409,19.69,19.19,19.44,20.69,18.96
1759347419,19.69,19.19,19.44,20.69,18.96
1759347429,19.68,19.19,19.43,20.68,18.95
1759347439,19.69,19.18,19.43,20.69,18.95
1759347449,19.68,19.17,19.42,20.69,18.95
1759347459,19.68,19.17,19.42,20.68,18.94
1759347469,19.68,19.18,19.42,20.68,18.95
1759347479,19.69,19.19,19.43,20.68,18.95
1759347489,19.69,19.2,19.43,20.68,18.96
1759347499,19.69,19.2,19.43,20.68,18.96
1759347509,19.68,19.2,19.43,20.67,18.95
1759347519,19.69,19.2,19.43,20.67,18.95
1759347529,19.7,19.19,19.44,20.68,18.96
1759347539,19.69,19.2,19.43,20.67,18.96
1759347549,19.7,19.29,19.45,20.68,18.98
1759347559,19.7,19.39,19.48,20.67,19.01
1759347569,19.71,19.46,19.52,20.67,19.03
1759347579,19.72,19.51,19.54,20.67,19.06
1759347589,19.73,19.6,19.58,20.67,19.08
1759347599,19.74,19.68,19.61,20.66,19.11
1759347609,19.75,19.76,19.64,20.66,19.13
1759347619,19.75,19.81,19.66,20.65,19.15
1759347629,19.76,19.87,19.68,20.65,19.17
1759347639,19.76,19.92,19.71,20.64,19.19
1759347649,19.77,19.95,19.73,20.64,19.21
1759347659,19.78,19.97,19.74,20.64,19.22
1759347669,19.79,19.99,19.75,20.64,19.22
1759347679,19.79,20.03,19.76,20.64,19.23
1759347689,19.79,20.05,19.77,20.63,19.23
1759347699,19.79,20.08,19.78,20.63,19.24
1759347709,19.8,20.11,19.8,20.63,19.26
1759347719,19.81,20.18,19.82,20.64,19.28
1759347729,19.81,20.23,19.84,20.64,19.29
1759347739,19.81,20.23,19.84,20.63,19.29
1759347749,19.82,20.22,19.85,20.63,19.29
1759347759,19.83,20.23,19.86,20.64,19.29
1759347769,19.83,20.23,19.86,20.65,19.28
1759347779,19.82,20.25,19.86,20.65,19.28
1759347789,19.82,20.3,19.87,20.65,19.28
1759347799,19.82,20.37,19.88,20.66,19.29
1759347809,19.82,20.39,19.9,20.66,19.29
1759347819,19.81,20.38,19.9,20.65,19.29
1759347829,19.81,20.39,19.91,20.66,19.29
1759347839,19.81,20.41,19.92,20.67,19.29
1759347849,19.81,20.45,19.93,20.68,19.29
1759347859,19.8,20.47,19.94,20.68,19.3
1759347869,19.81,20.48,19.95,20.69,19.31
1759347879,19.81,20.48,19.95,20.7,19.3
1759347889,19.81,20.49,19.96,20.71,19.29
1759347899,19.82,20.54,19.98,20.74,19.31
1759347909,19.82,20.56,19.98,20.75,19.31
1759347919,19.82,20.6,20,20.77,19.31
1759347929,19.82,20.61,20.01,20.78,19.32
1759347939,19.83,20.65,20.03,20.8,19.32
1759347949,19.82,20.67,20.04,20.81,19.33
1759347959,19.83,20.69,20.06,20.83,19.34
1759347969,19.83,20.71,20.07,20.84,19.34
1759347979,19.82,20.74,20.07,20.86,19.33
1759347989,19.83,20.77,20.09,20.87,19.34
1759347999,19.83,20.81,20.1,20.9,19.35
1759348009,19.84,20.84,20.12,20.92,19.36
1759348019,19.84,20.88,20.13,20.94,19.36
1759348029,19.84,20.89,20.13,20.95,19.36
1759348039,19.85,20.91,20.15,20.97,19.37
1759348049,19.85,20.95,20.16,21,19.38
1759348059,19.86,20.95,20.18,21.02,19.39
1759348069,19.86,20.95,20.19,21.03,19.39
1759348079,19.85,20.98,20.2,21.05,19.4
1759348089,19.86,21.03,20.22,21.07,19.42
1759348099,19.86,21.07,20.24,21.09,19.43
1759348109,19.88,21.1,20.27,21.12,19.44
1759348119,19.89,21.12,20.28,21.15,19.45
1759348129,19.89,21.16,20.3,21.17,19.46
1759348139,19.89,21.19,20.31,21.18,19.45
1759348149,19.9,21.23,20.32,21.21,19.45
1759348159,19.9,21.27,20.33,21.23,19.46
1759348169,19.91,21.3,20.35,21.26,19.47
1759348179,19.91,21.3,20.35,21.27,19.47
1759348189,19.9,21.28,20.35,21.28,19.46
1759348199,19.92,21.31,20.36,21.32,19.47
1759348209,19.91,21.31,20.37,21.35,19.47
1759348219,19.93,21.32,20.39,21.38,19.47
1759348229,19.93,21.35,20.4,21.41,19.5
1759348239,19.94,21.36,20.41,21.45,19.5
1759348249,19.94,21.38,20.44,21.48,19.5
1759348259,19.97,21.41,20.46,21.53,19.53
1759348269,19.95,21.41,20.47,21.55,19.54
1759348279,19.96,21.42,20.5,21.59,19.53
1759348289,19.98,21.45,20.5,21.62,19.55
1759348299,19.98,21.46,20.51,21.65,19.54
1759348309,19.97,21.46,20.5,21.69,19.53
1759348319,19.97,21.48,20.5,21.72,19.54
1759348329,19.98,21.52,20.53,21.76,19.55
1759348339,19.99,21.57,20.54,21.8,19.56
1759348349,19.99,21.57,20.55,21.82,19.57
1759348359,19.99,21.59,20.56,21.86,19.57
1759348369,20,21.63,20.58,21.9,19.58
1759348379,20.01,21.67,20.6,21.94,19.6
1759348389,20.01,21.67,20.61,21.97,19.6
1759348399,20.01,21.68,20.62,22.02,19.6
1759348409,20.01,21.71,20.62,22.04,19.6
1759348419,20.02,21.75,20.64,22.08,19.62
1759348429,20.03,21.77,20.66,22.13,19.62
1759348439,20.04,21.78,20.67,22.17,19.63
1759348449,20.03,21.76,20.67,22.19,19.63
1759348459,20.04,21.77,20.67,22.23,19.63
1759348469,20.04,21.78,20.68,22.26,19.64
1759348479,20.05,21.8,20.69,22.3,19.65
1759348489,20.05,21.8,20.7,22.33,19.66
1759348499,20.05,21.81,20.71,22.36,19.66
1759348509,20.06,21.85,20.72,22.39,19.67
1759348519,20.06,21.89,20.74,22.42,19.68
1759348529,20.07,21.91,20.75,22.46,19.69
1759348539,20.06,21.92,20.75,22.48,19.68
1759348549,20.07,21.91,20.75,22.51,19.68
1759348559,20.06,21.92,20.75,22.53,19.68
1759348569,20.07,21.93,20.76,22.56,19.69
1759348579,20.07,21.92,20.76,22.59,19.69
1759348589,20.08,21.93,20.77,22.62,19.71
1759348599,20.08,21.95,20.79,22.65,19.72
1759348609,20.09,21.99,20.81,22.68,19.73
1759348619,20.1,22.01,20.84,22.71,19.74
1759348629,20.1,22,20.85,22.73,19.74
1759348639,20.1,22,20.85,22.76,19.74
1759348649,20.11,22.02,20.86,22.78,19.75
1759348659,20.1,22.03,20.86,22.8,19.75
1759348669,20.1,22.06,20.87,22.83,19.76
1759348679,20.1,22.09,20.87,22.84,19.75
1759348689,20.1,22.1,20.88,22.86,19.76
1759348699,20.1,22.1,20.88,22.88,19.76
1759348709,20.11,22.13,20.9,22.92,19.77
1759348719,20.12,22.15,20.91,22.94,19.78
1759348729,20.12,22.14,20.93,22.96,19.79
1759348739,20.13,22.14,20.94,22.99,19.79
1759348749,20.13,22.15,20.96,23.01,19.8
1759348759,20.13,22.15,20.97,23.03,19.81
1759348769,20.13,22.17,20.98,23.05,19.81
1759348779,20.12,22.18,20.98,23.06,19.81
1759348789,20.13,22.19,20.98,23.1,19.81
1759348799,20.13,22.2,20.99,23.11,19.82
1759348809,20.14,22.2,21,23.14,19.82
1759348819,20.14,22.2,21.01,23.16,19.83
1759348829,20.15,22.19,21.02,23.19,19.84
1759348839,20.15,22.2,21.02,23.22,19.85
1759348849,20.15,22.2,21.02,23.23,19.85
1759348859,20.15,22.2,21.01,23.24,19.84
1759348869,20.15,22.19,21.02,23.27,19.85
1759348879,20.15,22.19,21.03,23.29,19.86
1759348889,20.16,22.21,21.04,23.32,19.87
1759348899,20.16,22.22,21.05,23.34,19.88
1759348909,20.16,22.25,21.06,23.35,19.88
1759348919,20.17,22.26,21.07,23.38,19.89
1759348929,20.16,22.25,21.07,23.39,19.88
1759348939,20.17,22.27,21.08,23.41,19.9
1759348949,20.17,22.27,21.09,23.43,19.9
1759348959,20.18,22.28,21.11,23.45,19.9
1759348969,20.18,22.29,21.12,23.46,19.9
1759348979,20.18,22.31,21.13,23.49,19.92
1759348989,20.18,22.32,21.13,23.5,19.92
1759348999,20.19,22.32,21.14,23.52,19.93
1759349009,20.18,22.29,21.14,23.53,19.92
1759349019,20.19,22.33,21.15,23.56,19.93
1759349029,20.2,22.35,21.16,23.58,19.94
1759349039,20.2,22.33,21.15,23.6,19.94
1759349049,20.2,22.32,21.16,23.61,19.95
1759349059,20.2,22.32,21.17,23.63,19.96
1759349069,20.21,22.32,21.18,23.66,19.97
1759349079,20.21,22.32,21.18,23.68,19.97
1759349089,20.22,22.35,21.2,23.7,19.99
1759349099,20.21,22.35,21.2,23.71,19.99
1759349109,20.22,22.39,21.2,23.72,19.99
1759349119,20.22,22.43,21.21,23.74,20
1759349129,20.23,22.42,21.23,23.77,20.01
1759349139,20.23,22.4,21.23,23.78,20.01
1759349149,20.24,22.38,21.23,23.79,20.02
1759349159,20.24,22.37,21.23,23.81,20.03
1759349169,20.24,22.38,21.24,23.82,20.03
1759349179,20.25,22.39,21.24,23.83,20.04
1759349189,20.24,22.42,21.26,23.84,20.05
1759349199,20.24,22.42,21.27,23.85,20.05
1759349209,20.25,22.44,21.28,23.87,20.06
1759349219,20.26,22.46,21.28,23.89,20.06
1759349229,20.25,22.47,21.3,23.9,20.06
1759349239,20.26,22.49,21.3,23.92,20.08
1759349249,20.27,22.49,21.31,23.94,20.08
1759349259,20.28,22.49,21.32,23.96,20.09
1759349269,20.28,22.5,21.33,23.96,20.09
1759349279,20.29,22.51,21.34,23.99,20.1
1759349289,20.28,22.52,21.35,24,20.09
1759349299,20.29,22.52,21.34,24.01,20.1
1759349309,20.29,22.5,21.36,24.03,20.1
1759349319,20.3,22.52,21.37,24.06,20.12
1759349329,20.3,22.53,21.37,24.07,20.13
1759349339,20.3,22.54,21.38,24.08,20.13
1759349349,20.31,22.53,21.38,24.1,20.13
1759349359,20.31,22.54,21.39,24.12,20.14
1759349369,20.31,22.53,21.4,24.13,20.14
1759349379,20.32,22.55,21.41,24.14,20.15
1759349389,20.32,22.56,21.41,24.15,20.15
1759349399,20.33,22.58,21.42,24.17,20.16
1759349409,20.33,22.58,21.43,24.19,20.17
1759349419,20.33,22.59,21.44,24.19,20.17
1759349429,20.34,22.63,21.46,24.21,20.2
1759349439,20.34,22.64,21.46,24.22,20.2
1759349449,20.34,22.63,21.46,24.23,20.19
1759349459,20.35,22.62,21.46,24.25,20.2
1759349469,20.35,22.6,21.46,24.25,20.19
1759349479,20.35,22.59,21.45,24.27,20.2
1759349489,20.36,22.59,21.46,24.28,20.22
1759349499,20.37,22.6,21.48,24.3,20.23
1759349509,20.37,22.6,21.49,24.31,20.24
1759349519,20.37,22.61,21.49,24.32,20.24
1759349529,20.38,22.64,21.51,24.33,20.25
1759349539,20.38,22.63,21.51,24.34,20.24
1759349549,20.38,22.62,21.51,24.35,20.24
1759349559,20.39,22.62,21.52,24.36,20.26
1759349569,20.39,22.62,21.52,24.37,20.27
1759349579,20.39,22.62,21.53,24.38,20.27
1759349589,20.4,22.62,21.53,24.38,20.27
1759349599,20.39,22.65,21.54,24.39,20.28
1759349609,20.4,22.68,21.55,24.4,20.3
1759349619,20.41,22.69,21.57,24.42,20.31
1759349629,20.42,22.69,21.58,24.42,20.31
1759349639,20.42,22.67,21.58,24.43,20.31
1759349649,20.41,22.63,21.56,24.43,20.3
1759349659,20.42,22.59,21.55,24.44,20.3
1759349669,20.42,22.56,21.55,24.44,20.31
1759349679,20.42,22.58,21.55,24.44,20.32
1759349689,20.42,22.61,21.55,24.43,20.33
1759349699,20.42,22.58,21.56,24.44,20.35
1759349709,20.43,22.57,21.56,24.44,20.35
1759349719,20.43,22.56,21.57,24.43,20.36
1759349729,20.43,22.59,21.58,24.44,20.37
1759349739,20.44,22.62,21.59,24.43,20.38
1759349749,20.44,22.65,21.59,24.43,20.38
1759349759,20.44,22.65,21.59,24.42,20.38
1759349769,20.45,22.67,21.61,24.41,20.38
1759349779,20.45,22.61,21.61,24.4,20.39
1759349789,20.45,22.57,21.6,24.4,20.4
1759349799,20.46,22.59,21.61,24.4,20.42
1759349809,20.47,22.64,21.61,24.39,20.42
1759349819,20.47,22.6,21.61,24.39,20.41
1759349829,20.47,22.6,21.61,24.38,20.41
1759349839,20.46,22.61,21.62,24.37,20.4
1759349849,20.46,22.63,21.61,24.35,20.4
1759349859,20.46,22.65,21.62,24.35,20.4
1759349869,20.48,22.66,21.63,24.36,20.41
1759349879,20.48,22.67,21.64,24.36,20.42
1759349889,20.49,22.67,21.65,24.37,20.42
1759349899,20.49,22.68,21.66,24.37,20.42
1759349909,20.49,22.69,21.66,24.37,20.42
1759349919,20.5,22.7,21.67,24.38,20.43
1759349929,20.5,22.69,21.68,24.38,20.43
1759349939,20.51,22.7,21.69,24.39,20.45
1759349949,20.52,22.68,21.7,24.4,20.46
1759349959,20.52,22.59,21.69,24.41,20.46
1759349969,20.52,22.57,21.69,24.42,20.46
1759349979,20.53,22.59,21.69,24.42,20.48
1759349989,20.53,22.61,21.7,24.43,20.49
1759349999,20.54,22.63,21.71,24.44,20.5
1759350009,20.54,22.64,21.71,24.44,20.5
1759350019,20.54,22.66,21.72,24.45,20.5
1759350029,20.55,22.68,21.74,24.46,20.51
1759350039,20.56,22.74,21.75,24.48,20.53
1759350049,20.56,22.75,21.76,24.49,20.53
1759350059,20.56,22.76,21.76,24.5,20.53
1759350069,20.57,22.8,21.78,24.52,20.54
1759350079,20.57,22.84,21.8,24.53,20.55
1759350089,20.58,22.86,21.81,24.55,20.56
1759350099,20.59,22.88,21.82,24.56,20.57
1759350109,20.59,22.9,21.83,24.57,20.58
1759350119,20.59,22.93,21.84,24.59,20.58
1759350129,20.59,22.95,21.85,24.6,20.58
1759350139,20.59,22.98,21.85,24.61,20.59
1759350149,20.6,23,21.87,24.63,20.6
1759350159,20.61,23,21.89,24.65,20.61
1759350169,20.61,23.01,21.89,24.66,20.61
1759350179,20.61,23.01,21.89,24.67,20.6
1759350189,20.62,23.04,21.9,24.69,20.61
1759350199,20.62,23.06,21.91,24.7,20.62
1759350209,20.62,23.05,21.92,24.71,20.62
1759350219,20.62,23.07,21.93,24.73,20.63
1759350229,20.63,23.08,21.93,24.75,20.63
1759350239,20.63,23.11,21.95,24.77,20.64
1759350249,20.64,23.11,21.94,24.79,20.63
1759350259,20.64,23.11,21.95,24.8,20.64
1759350269,20.66,23.12,21.98,24.83,20.67
1759350279,20.67,23.14,21.99,24.87,20.68
1759350289,20.67,23.12,21.99,24.88,20.67
1759350299,20.66,23.12,22,24.89,20.68
1759350309,20.66,23.1,22.02,24.91,20.69
1759350319,20.68,23.11,22.03,24.94,20.7
1759350329,20.68,23.12,22.04,24.95,20.71
1759350339,20.68,23.14,22.04,24.97,20.71
1759350349,20.68,23.14,22.03,24.99,20.71
1759350359,20.68,23.14,22.02,24.99,20.7
1759350369,20.68,23.16,22.02,25,20.71
1759350379,20.69,23.16,22.03,25.03,20.71
1759350389,20.69,23.15,22.03,25.04,20.71
1759350399,20.7,23.16,22.04,25.07,20.72
1759350409,20.7,23.15,22.03,25.08,20.73
1759350419,20.71,23.15,22.04,25.1,20.74
1759350429,20.7,23.13,22.05,25.11,20.73
1759350439,20.71,23.14,22.04,25.12,20.73
1759350449,20.7,23.13,22.04,25.13,20.73
1759350459,20.71,23.13,22.05,25.14,20.74
1759350469,20.72,23.15,22.06,25.16,20.75
1759350479,20.72,23.16,22.07,25.18,20.75
1759350489,20.72,23.18,22.08,25.19,20.76
1759350499,20.73,23.19,22.08,25.2,20.76
1759350509,20.73,23.19,22.09,25.22,20.77
1759350519,20.74,23.19,22.1,25.23,20.78
1759350529,20.74,23.19,22.1,25.24,20.79
1759350539,20.74,23.19,22.1,25.25,20.79
1759350549,20.75,23.19,22.11,25.26,20.8
1759350559,20.75,23.21,22.12,25.28,20.81
1759350569,20.76,23.24,22.14,25.3,20.82
1759350579,20.77,23.26,22.14,25.31,20.82
1759350589,20.77,23.25,22.15,25.32,20.83
1759350599,20.76,23.22,22.14,25.32,20.82
1759350609,20.76,23.23,22.14,25.33,20.82
1759350619,20.78,23.25,22.16,25.35,20.84
1759350629,20.78,23.25,22.16,25.36,20.85
1759350639,20.79,23.25,22.17,25.37,20.85
1759350649,20.79,23.26,22.18,25.38,20.86
1759350659,20.79,23.27,22.19,25.38,20.87
1759350669,20.8,23.29,22.2,25.4,20.88
1759350679,20.8,23.31,22.21,25.41,20.88
1759350689,20.81,23.32,22.22,25.41,20.88
1759350699,20.82,23.32,22.23,25.43,20.89
1759350709,20.81,23.3,22.23,25.43,20.89
1759350719,20.82,23.31,22.24,25.44,20.9
1759350729,20.82,23.31,22.24,25.44,20.91
1759350739,20.82,23.33,22.24,25.45,20.91
1759350749,20.83,23.33,22.25,25.46,20.91
1759350759,20.82,23.32,22.24,25.46,20.91
1759350769,20.83,23.33,22.26,25.47,20.92
1759350779,20.83,23.34,22.27,25.47,20.92
1759350789,20.84,23.34,22.27,25.48,20.93
1759350799,20.85,23.35,22.28,25.49,20.93
1759350809,20.85,23.36,22.28,25.5,20.93
1759350819,20.85,23.37,22.28,25.5,20.94
1759350829,20.86,23.39,22.29,25.52,20.95
1759350839,20.86,23.39,22.3,25.52,20.95
1759350849,20.87,23.4,22.3,25.54,20.95
1759350859,20.88,23.42,22.32,25.55,20.97
1759350869,20.88,23.42,22.32,25.55,20.97
1759350879,20.89,23.45,22.33,25.56,20.98
1759350889,20.88,23.44,22.32,25.57,20.98
1759350899,20.89,23.44,22.32,25.57,20.98
1759350909,20.89,23.44,22.32,25.57,20.98
1759350919,20.9,23.43,22.33,25.58,20.98
1759350929,20.9,23.43,22.34,25.59,20.99
1759350939,20.91,23.44,22.35,25.6,21
1759350949,20.91,23.43,22.36,25.61,21.01
1759350959,20.91,23.42,22.35,25.61,21.01
1759350969,20.92,23.43,22.37,25.62,21.02
1759350979,20.93,23.44,22.38,25.64,21.03
1759350989,20.92,23.45,22.38,25.64,21.03
1759350999,20.93,23.46,22.38,25.65,21.04
1759351009,20.94,23.48,22.39,25.66,21.04
1759351019,20.95,23.48,22.41,25.67,21.06
1759351029,20.94,23.48,22.41,25.68,21.05
1759351039,20.95,23.48,22.41,25.68,21.06
1759351049,20.95,23.48,22.41,25.69,21.06
1759351059,20.95,23.5,22.42,25.69,21.07
1759351069,20.95,23.49,22.42,25.7,21.07
1759351079,20.96,23.49,22.42,25.7,21.08
1759351089,20.96,23.5,22.43,25.71,21.08
1759351099,20.97,23.52,22.44,25.72,21.09
1759351109,20.97,23.5,22.44,25.73,21.1
1759351119,20.98,23.49,22.44,25.73,21.1
1759351129,20.98,23.49,22.45,25.74,21.11
1759351139,20.98,23.5,22.46,25.74,21.13
1759351149,20.99,23.53,22.48,25.75,21.14
1759351159,21,23.53,22.47,25.76,21.14
1759351169,21,23.52,22.47,25.76,21.14
1759351179,21.01,23.5,22.48,25.77,21.15
1759351189,21.01,23.51,22.48,25.78,21.15
1759351199,21.01,23.52,22.48,25.79,21.16
1759351209,21.01,23.53,22.49,25.78,21.15
1759351219,21.01,23.55,22.49,25.78,21.15
1759351229,21.02,23.58,22.5,25.79,21.16
1759351239,21.03,23.59,22.51,25.81,21.17
1759351249,21.03,23.58,22.51,25.81,21.16
1759351259,21.03,23.57,22.52,25.81,21.16
1759351269,21.03,23.6,22.53,25.82,21.19
1759351279,21.03,23.59,22.53,25.81,21.18
1759351289,21.04,23.61,22.55,25.83,21.19
1759351299,21.05,23.62,22.55,25.84,21.2
1759351309,21.06,23.62,22.56,25.85,21.21
1759351319,21.06,23.62,22.57,25.85,21.21
1759351329,21.06,23.63,22.57,25.85,21.21
1759351339,21.06,23.62,22.56,25.86,21.21
1759351349,21.06,23.61,22.57,25.86,21.21
1759351359,21.07,23.62,22.58,25.87,21.22
1759351369,21.08,23.63,22.58,25.88,21.23
1759351379,21.08,23.64,22.59,25.88,21.23
1759351389,21.09,23.65,22.6,25.9,21.24
1759351399,21.1,23.66,22.61,25.91,21.25
1759351409,21.09,23.65,22.61,25.9,21.25
1759351419,21.09,23.65,22.61,25.91,21.25
1759351429,21.1,23.64,22.61,25.92,21.25
1759351439,21.1,23.64,22.61,25.92,21.26
1759351449,21.12,23.67,22.63,25.93,21.28
1759351459,21.11,23.67,22.63,25.93,21.28
1759351469,21.11,23.67,22.63,25.93,21.27
1759351479,21.11,23.68,22.64,25.94,21.28
1759351489,21.12,23.69,22.65,25.94,21.29
1759351499,21.13,23.69,22.65,25.95,21.3
1759351509,21.13,23.7,22.66,25.95,21.3
1759351519,21.14,23.71,22.66,25.96,21.3
1759351529,21.14,23.7,22.67,25.96,21.31
1759351539,21.14,23.7,22.67,25.96,21.3
1759351549,21.14,23.68,22.67,25.96,21.3
1759351559,21.16,23.69,22.69,25.98,21.32
1759351569,21.16,23.7,22.69,25.98,21.32
1759351579,21.16,23.72,22.69,25.98,21.33
1759351589,21.16,23.71,22.69,25.98,21.33
1759351599,21.16,23.71,22.7,25.98,21.32
1759351609,21.16,23.69,22.69,25.98,21.33
1759351619,21.17,23.7,22.7,25.99,21.33
1759351629,21.18,23.71,22.71,26,21.34
1759351639,21.18,23.71,22.71,26,21.35
1759351649,21.18,23.71,22.72,26,21.35
1759351659,21.19,23.72,22.72,26.01,21.36
1759351669,21.18,23.71,22.71,26,21.35
1759351679,21.19,23.71,22.73,26.02,21.36
1759351689,21.2,23.71,22.73,26.02,21.37
1759351699,21.2,23.71,22.73,26.03,21.37
1759351709,21.2,23.71,22.73,26.03,21.38
1759351719,21.21,23.73,22.75,26.04,21.39
1759351729,21.22,23.73,22.75,26.05,21.39
1759351739,21.22,23.75,22.76,26.05,21.4
1759351749,21.22,23.75,22.76,26.05,21.4
1759351759,21.22,23.75,22.77,26.05,21.4
1759351769,21.22,23.74,22.77,26.05,21.4
1759351779,21.23,23.74,22.77,26.06,21.41
1759351789,21.24,23.74,22.78,26.07,21.42
1759351799,21.24,23.72,22.77,26.07,21.41
1759351809,21.24,23.74,22.78,26.07,21.42
1759351819,21.24,23.75,22.79,26.07,21.43
1759351829,21.25,23.75,22.79,26.07,21.42
1759351839,21.25,23.76,22.79,26.07,21.43
1759351849,21.25,23.78,22.8,26.08,21.44
1759351859,21.26,23.79,22.81,26.08,21.45
1759351869,21.27,23.8,22.83,26.09,21.47
1759351879,21.27,23.8,22.82,26.09,21.47
1759351889,21.27,23.81,22.82,26.09,21.46
1759351899,21.27,23.8,22.82,26.08,21.45
1759351909,21.27,23.82,22.82,26.08,21.46
1759351919,21.27,23.81,22.83,26.08,21.47
1759351929,21.29,23.82,22.84,26.09,21.48
1759351939,21.3,23.83,22.85,26.1,21.49
1759351949,21.3,23.83,22.85,26.11,21.49
1759351959,21.3,23.82,22.85,26.1,21.5
1759351969,21.31,23.84,22.87,26.12,21.52
1759351979,21.32,23.84,22.86,26.11,21.52
1759351989,21.31,23.84,22.85,26.11,21.51
1759351999,21.31,23.86,22.86,26.11,21.53
1759352009,21.32,23.86,22.88,26.12,21.54
1759352019,21.33,23.87,22.89,26.13,21.55
1759352029,21.33,23.88,22.89,26.13,21.56
1759352039,21.34,23.87,22.89,26.14,21.56
1759352049,21.33,23.87,22.89,26.13,21.55
1759352059,21.34,23.88,22.9,26.14,21.56
1759352069,21.34,23.87,22.89,26.14,21.55
1759352079,21.34,23.86,22.89,26.14,21.55
1759352089,21.34,23.87,22.89,26.14,21.55
1759352099,21.35,23.89,22.91,26.15,21.56
1759352109,21.35,23.9,22.91,26.15,21.56
1759352119,21.36,23.9,22.92,26.15,21.57
1759352129,21.36,23.9,22.92,26.16,21.57
1759352139,21.37,23.9,22.92,26.16,21.57
1759352149,21.38,23.9,22.93,26.17,21.58
1759352159,21.38,23.91,22.93,26.17,21.59
1759352169,21.38,23.91,22.94,26.18,21.59
1759352179,21.39,23.92,22.94,26.18,21.6
1759352189,21.39,23.92,22.94,26.18,21.62
1759352199,21.39,23.93,22.95,26.18,21.61
1759352209,21.39,23.92,22.94,26.17,21.61
1759352219,21.39,23.93,22.95,26.18,21.61
1759352229,21.4,23.96,22.97,26.19,21.64
1759352239,21.41,23.95,22.98,26.2,21.64
1759352249,21.41,23.95,22.97,26.2,21.63
1759352259,21.4,23.93,22.97,26.19,21.63
1759352269,21.41,23.93,22.97,26.19,21.64
1759352279,21.4,23.92,22.97,26.19,21.64
1759352289,21.42,23.93,22.98,26.2,21.65
1759352299,21.43,23.95,23,26.21,21.66
1759352309,21.43,23.95,23,26.21,21.66
1759352319,21.44,23.98,23.01,26.22,21.67
1759352329,21.44,23.99,23.01,26.22,21.68
1759352339,21.44,23.99,23.02,26.22,21.68
1759352349,21.45,23.99,23.02,26.22,21.68
1759352359,21.45,24,23.02,26.22,21.68
1759352369,21.45,23.99,23.02,26.22,21.69
1759352379,21.46,23.98,23.02,26.22,21.69
1759352389,21.46,23.98,23.03,26.23,21.7
1759352399,21.47,24,23.04,26.24,21.71
1759352409,21.48,24.02,23.05,26.24,21.72
1759352419,21.48,24.01,23.04,26.24,21.72
1759352429,21.48,24.01,23.05,26.25,21.72
1759352439,21.48,24.03,23.04,26.24,21.71
1759352449,21.48,24.03,23.05,26.24,21.71
1759352459,21.49,24.02,23.06,26.25,21.72
1759352469,21.5,24.03,23.07,26.25,21.73
1759352479,21.5,24.02,23.07,26.25,21.73
1759352489,21.5,24.03,23.07,26.25,21.73
1759352499,21.51,24.02,23.08,26.26,21.74
1759352509,21.51,24.03,23.09,26.27,21.75
1759352519,21.52,24.03,23.09,26.27,21.75
1759352529,21.52,24.02,23.08,26.27,21.75
1759352539,21.52,24.01,23.08,26.27,21.74
1759352549,21.52,24.03,23.08,26.26,21.75
1759352559,21.53,24.04,23.1,26.27,21.76
1759352569,21.54,24.05,23.11,26.28,21.77
1759352579,21.54,24.03,23.1,26.28,21.77
1759352589,21.54,24.02,23.11,26.28,21.77
1759352599,21.55,24.02,23.11,26.29,21.78
1759352609,21.55,24.01,23.11,26.29,21.78
1759352619,21.56,24.04,23.12,26.3,21.79
1759352629,21.56,24.06,23.13,26.29,21.8
1759352639,21.56,24.06,23.12,26.29,21.79
1759352649,21.56,24.06,23.12,26.29,21.79
1759352659,21.56,24.08,23.13,26.3,21.8
1759352669,21.57,24.07,23.13,26.3,21.8
1759352679,21.57,24.05,23.13,26.31,21.81
1759352689,21.57,24.04,23.12,26.3,21.8
1759352699,21.57,24.05,23.13,26.31,21.81
1759352709,21.59,24.06,23.15,26.32,21.83
1759352719,21.59,24.05,23.15,26.33,21.83
1759352729,21.6,24.06,23.16,26.33,21.84
1759352739,21.6,24.08,23.16,26.33,21.84
1759352749,21.6,24.09,23.16,26.33,21.83
1759352759,21.61,24.08,23.17,26.34,21.84
1759352769,21.61,24.07,23.17,26.34,21.85
1759352779,21.61,24.07,23.17,26.34,21.85
1759352789,21.62,24.07,23.19,26.35,21.87
1759352799,21.62,24.08,23.19,26.36,21.88
1759352809,21.62,24.09,23.2,26.35,21.88
1759352819,21.62,24.09,23.2,26.35,21.88
1759352829,21.62,24.09,23.2,26.35,21.87
1759352839,21.63,24.1,23.19,26.35,21.87
1759352849,21.63,24.11,23.19,26.35,21.87
1759352859,21.64,24.11,23.2,26.36,21.88
1759352869,21.64,24.11,23.2,26.36,21.88
1759352879,21.65,24.11,23.21,26.37,21.89
1759352889,21.66,24.12,23.22,26.38,21.91
1759352899,21.66,24.13,23.23,26.38,21.91
1759352909,21.67,24.16,23.24,26.39,21.92
1759352919,21.67,24.15,23.24,26.39,21.92
1759352929,21.67,24.14,23.24,26.38,21.92
1759352939,21.68,24.14,23.24,26.39,21.93
1759352949,21.68,24.15,23.26,26.39,21.94
1759352959,21.68,24.16,23.26,26.39,21.94
1759352969,21.69,24.17,23.27,26.4,21.95
1759352979,21.69,24.17,23.27,26.4,21.95
1759352989,21.7,24.18,23.28,26.4,21.95
1759352999,21.7,24.18,23.28,26.41,21.95
1759353009,21.7,24.17,23.28,26.41,21.96
1759353019,21.7,24.17,23.28,26.41,21.96
1759353029,21.71,24.17,23.28,26.41,21.97
1759353039,21.71,24.15,23.28,26.41,21.97
1759353049,21.71,24.15,23.28,26.42,21.97
1759353059,21.72,24.16,23.29,26.42,21.98
1759353069,21.72,24.16,23.29,26.42,21.98
1759353079,21.73,24.18,23.3,26.43,21.99
1759353089,21.73,24.17,23.3,26.43,21.98
1759353099,21.72,24.17,23.29,26.42,21.97
1759353109,21.73,24.18,23.31,26.43,21.99
1759353119,21.74,24.18,23.31,26.43,21.99
1759353129,21.74,24.18,23.31,26.44,21.99
1759353139,21.74,24.18,23.3,26.43,21.99
1759353149,21.75,24.17,23.31,26.44,22
1759353159,21.75,24.15,23.31,26.45,22
1759353169,21.75,24.09,23.3,26.44,22
1759353179,21.76,24.05,23.29,26.44,22
1759353189,21.76,24.06,23.28,26.44,22
1759353199,21.76,24.1,23.29,26.44,22.02
1759353209,21.76,24.1,23.3,26.45,22.04
1759353219,21.76,24.1,23.29,26.43,22.03
1759353229,21.78,24.09,23.3,26.45,22.05
1759353239,21.8,24.09,23.31,26.46,22.07
1759353249,21.78,24.16,23.31,26.45,22.06
1759353259,21.79,24.19,23.32,26.45,22.05
1759353269,21.79,24.2,23.34,26.45,22.06
1759353279,21.78,24.18,23.33,26.43,22.05
1759353289,21.79,24.22,23.35,26.43,22.06
1759353299,21.79,24.23,23.35,26.41,22.07
1759353309,21.79,24.22,23.35,26.41,22.07
1759353319,21.81,24.24,23.36,26.41,22.08
1759353329,21.81,24.23,23.36,26.39,22.08
1759353339,21.81,24.18,23.35,26.38,22.07
1759353349,21.82,24.13,23.35,26.38,22.07
1759353359,21.81,24.1,23.34,26.36,22.06
1759353369,21.82,24.1,23.34,26.34,22.06
1759353379,21.81,24.06,23.34,26.33,22.06
1759353389,21.82,24.07,23.33,26.31,22.05
1759353399,21.81,24.11,23.33,26.29,22.06
1759353409,21.8,24.05,23.32,26.26,22.1
1759353419,21.81,24.02,23.33,26.26,22.16
1759353429,21.83,23.98,23.33,26.24,22.2
1759353439,21.84,23.87,23.3,26.23,22.21
1759353449,21.85,23.7,23.26,26.21,22.2
1759353459,21.85,23.52,23.21,26.19,22.18
1759353469,21.85,23.36,23.15,26.17,22.16
1759353479,21.86,23.21,23.11,26.16,22.13
1759353489,21.87,23.08,23.06,26.15,22.11
1759353499,21.86,22.93,23,26.12,22.08
1759353509,21.87,22.82,22.95,26.11,22.05
1759353519,21.86,22.68,22.9,26.09,22.01
1759353529,21.85,22.57,22.84,26.07,21.97
1759353539,21.86,22.45,22.79,26.06,21.95
1759353549,21.85,22.34,22.74,26.04,21.92
1759353559,21.84,22.25,22.7,26.02,21.88
1759353569,21.84,22.16,22.66,25.99,21.85
1759353579,21.83,22.06,22.61,25.97,21.82
1759353589,21.84,22.06,22.58,25.95,21.8
1759353599,21.84,22.03,22.58,25.93,21.8
1759353609,21.84,21.97,22.55,25.9,21.79
1759353619,21.84,21.91,22.52,25.88,21.77
1759353629,21.84,21.79,22.48,25.85,21.74
1759353639,21.83,21.72,22.44,25.82,21.72
1759353649,21.83,21.72,22.42,25.79,21.7
1759353659,21.83,21.69,22.42,25.77,21.7
1759353669,21.83,21.68,22.4,25.75,21.69
1759353679,21.84,21.67,22.39,25.73,21.69
1759353689,21.85,21.63,22.38,25.72,21.68
1759353699,21.85,21.58,22.35,25.68,21.67
1759353709,21.84,21.55,22.33,25.66,21.66
1759353719,21.84,21.5,22.3,25.63,21.64
1759353729,21.84,21.46,22.27,25.61,21.62
1759353739,21.84,21.45,22.25,25.58,21.62
1759353749,21.84,21.42,22.25,25.55,21.6
1759353759,21.84,21.41,22.25,25.53,21.59
1759353769,21.84,21.4,22.23,25.5,21.58
1759353779,21.85,21.4,22.23,25.48,21.57
1759353789,21.85,21.39,22.22,25.45,21.58
1759353799,21.86,21.39,22.21,25.43,21.58
1759353809,21.86,21.44,22.21,25.4,21.59
1759353819,21.86,21.4,22.21,25.37,21.58
1759353829,21.87,21.37,22.19,25.35,21.57
1759353839,21.86,21.38,22.18,25.33,21.57
1759353849,21.87,21.36,22.19,25.3,21.55
1759353859,21.86,21.32,22.17,25.27,21.52
1759353869,21.86,21.29,22.14,25.25,21.51
1759353879,21.85,21.28,22.12,25.22,21.51
1759353889,21.85,21.28,22.1,25.2,21.51
1759353899,21.85,21.31,22.1,25.18,21.51
1759353909,21.87,21.35,22.11,25.17,21.52
1759353919,21.87,21.36,22.11,25.14,21.52
1759353929,21.86,21.36,22.11,25.11,21.51
1759353939,21.86,21.34,22.09,25.09,21.5
1759353949,21.87,21.34,22.09,25.07,21.5
1759353959,21.87,21.38,22.11,25.05,21.5
1759353969,21.87,21.4,22.11,25.02,21.5
1759353979,21.87,21.39,22.1,24.98,21.49
1759353989,21.86,21.41,22.09,24.96,21.49
1759353999,21.87,21.41,22.11,24.94,21.51
1759354009,21.87,21.36,22.08,24.91,21.49
1759354019,21.86,21.37,22.07,24.88,21.48
1759354029,21.87,21.38,22.07,24.86,21.47
1759354039,21.87,21.37,22.07,24.84,21.47
1759354049,21.86,21.36,22.05,24.81,21.46
1759354059,21.86,21.37,22.05,24.79,21.46
1759354069,21.86,21.35,22.03,24.76,21.44
1759354079,21.86,21.37,22.03,24.74,21.45
1759354089,21.86,21.4,22.05,24.72,21.45
1759354099,21.87,21.4,22.04,24.7,21.46
1759354109,21.86,21.42,22.03,24.67,21.45
1759354119,21.87,21.43,22.04,24.66,21.46
1759354129,21.87,21.43,22.04,24.64,21.45
1759354139,21.87,21.41,22.04,24.62,21.44
1759354149,21.86,21.38,22.02,24.6,21.43
1759354159,21.85,21.38,21.99,24.57,21.42
1759354169,21.85,21.37,21.98,24.55,21.4
1759354179,21.85,21.37,21.99,24.53,21.4
1759354189,21.85,21.37,21.99,24.51,21.39
1759354199,21.85,21.37,21.99,24.5,21.4
1759354209,21.84,21.36,21.99,24.47,21.38
1759354219,21.84,21.37,21.97,24.44,21.39
1759354229,21.84,21.36,21.96,24.43,21.38
1759354239,21.84,21.37,21.97,24.41,21.39
1759354249,21.84,21.34,21.96,24.38,21.37
1759354259,21.83,21.32,21.95,24.37,21.36
1759354269,21.83,21.33,21.94,24.35,21.36
1759354279,21.82,21.32,21.93,24.31,21.33
1759354289,21.81,21.29,21.92,24.29,21.33
1759354299,21.81,21.26,21.9,24.27,21.32
1759354309,21.81,21.26,21.89,24.25,21.31
1759354319,21.8,21.26,21.88,24.24,21.3
1759354329,21.81,21.29,21.89,24.23,21.33
1759354339,21.82,21.3,21.89,24.2,21.33
1759354349,21.81,21.29,21.87,24.18,21.32
1759354359,21.81,21.3,21.87,24.16,21.32
1759354369,21.81,21.29,21.87,24.15,21.31
1759354379,21.81,21.28,21.86,24.13,21.3
1759354389,21.81,21.27,21.86,24.11,21.29
1759354399,21.8,21.25,21.84,24.09,21.28
1759354409,21.8,21.21,21.83,24.07,21.26
1759354419,21.79,21.21,21.82,24.05,21.26
1759354429,21.78,21.22,21.81,24.03,21.26
1759354439,21.79,21.21,21.81,24.02,21.25
1759354449,21.79,21.22,21.82,24,21.24
1759354459,21.78,21.21,21.8,23.99,21.25
1759354469,21.79,21.22,21.8,23.97,21.24
1759354479,21.78,21.19,21.78,23.96,21.22
1759354489,21.78,21.19,21.77,23.94,21.21
1759354499,21.77,21.21,21.78,23.92,21.21
1759354509,21.78,21.2,21.79,23.91,21.22
1759354519,21.77,21.19,21.77,23.89,21.21
1759354529,21.77,21.16,21.75,23.87,21.2
1759354539,21.77,21.18,21.74,23.86,21.19
1759354549,21.76,21.16,21.74,23.84,21.18
1759354559,21.76,21.14,21.73,23.82,21.17
1759354569,21.76,21.13,21.72,23.81,21.16
1759354579,21.75,21.12,21.71,23.79,21.15
1759354589,21.75,21.09,21.71,23.78,21.15
1759354599,21.75,21.07,21.7,23.77,21.14
1759354609,21.74,21.06,21.68,23.75,21.12
1759354619,21.74,21.06,21.68,23.74,21.12
1759354629,21.74,21.08,21.68,23.73,21.12
1759354639,21.74,21.08,21.68,23.72,21.12
1759354649,21.73,21.08,21.66,23.7,21.11
1759354659,21.73,21.09,21.66,23.69,21.1
1759354669,21.73,21.1,21.66,23.67,21.1
1759354679,21.73,21.1,21.66,23.67,21.1
1759354689,21.74,21.09,21.66,23.66,21.1
1759354699,21.73,21.07,21.65,23.64,21.09
1759354709,21.73,21.07,21.64,23.63,21.09
1759354719,21.72,21.07,21.64,23.61,21.07
1759354729,21.72,21.07,21.64,23.61,21.07
1759354739,21.72,21.11,21.64,23.6,21.08
1759354749,21.72,21.07,21.64,23.59,21.08
1759354759,21.72,21.07,21.62,23.57,21.07
1759354769,21.72,21.05,21.61,23.56,21.06
1759354779,21.71,21.03,21.6,23.55,21.05
1759354789,21.71,21.03,21.6,23.54,21.05
1759354799,21.72,21.08,21.6,23.54,21.06
1759354809,21.71,21.09,21.61,23.52,21.06
1759354819,21.71,21.07,21.62,23.51,21.05
1759354829,21.72,21.08,21.62,23.51,21.05
1759354839,21.72,21.06,21.62,23.5,21.05
1759354849,21.72,21.05,21.61,23.49,21.03
1759354859,21.71,21.02,21.59,23.48,21.02
1759354869,21.7,21.01,21.57,23.47,21.01
1759354879,21.69,20.99,21.56,23.45,21
1759354889,21.69,20.97,21.55,23.45,20.99
1759354899,21.69,20.93,21.54,23.44,20.99
1759354909,21.69,20.92,21.52,23.43,20.99
1759354919,21.69,20.93,21.51,23.43,20.98
1759354929,21.69,20.93,21.51,23.41,20.96
1759354939,21.69,20.94,21.51,23.41,20.96
1759354949,21.69,20.93,21.52,23.41,20.97
1759354959,21.68,20.92,21.51,23.39,20.96
1759354969,21.68,20.9,21.51,23.38,20.97
1759354979,21.68,20.89,21.49,23.37,20.96
1759354989,21.68,20.9,21.48,23.36,20.95
1759354999,21.66,20.89,21.47,23.34,20.94
1759355009,21.66,20.9,21.47,23.33,20.93
1759355019,21.66,20.91,21.48,23.32,20.93
1759355029,21.66,20.9,21.47,23.31,20.92
1759355039,21.67,20.9,21.46,23.3,20.92
1759355049,21.66,20.88,21.45,23.29,20.92
1759355059,21.66,20.9,21.45,23.28,20.92
1759355069,21.66,20.9,21.46,23.28,20.93
1759355079,21.66,20.89,21.45,23.27,20.92
1759355089,21.65,20.86,21.43,23.26,20.9
1759355099,21.65,20.86,21.42,23.25,20.9
1759355109,21.66,20.86,21.43,23.25,20.9
1759355119,21.65,20.83,21.42,23.24,20.89
1759355129,21.64,20.81,21.4,23.22,20.88
1759355139,21.64,20.81,21.4,23.22,20.87
1759355149,21.64,20.82,21.4,23.22,20.86
1759355159,21.64,20.84,21.4,23.21,20.86
1759355169,21.63,20.84,21.39,23.19,20.86
1759355179,21.63,20.83,21.39,23.18,20.86
1759355189,21.63,20.81,21.38,23.17,20.86
1759355199,21.63,20.83,21.36,23.16,20.86
1759355209,21.64,20.8,21.36,23.16,20.86
1759355219,21.64,20.8,21.37,23.16,20.85
1759355229,21.63,20.82,21.36,23.15,20.86
1759355239,21.64,20.83,21.38,23.15,20.85
1759355249,21.64,20.81,21.37,23.14,20.84
1759355259,21.62,20.74,21.33,23.12,20.81
1759355269,21.62,20.76,21.32,23.12,20.81
1759355279,21.62,20.75,21.32,23.1,20.81
1759355289,21.61,20.77,21.32,23.11,20.8
1759355299,21.6,20.76,21.31,23.08,20.81
1759355309,21.6,20.77,21.32,23.08,20.8
1759355319,21.59,20.72,21.28,23.07,20.77
1759355329,21.6,20.71,21.29,23.06,20.79
1759355339,21.6,20.73,21.28,23.06,20.78
1759355349,21.59,20.71,21.28,23.05,20.77
1759355359,21.59,20.73,21.28,23.04,20.77
1759355369,21.59,20.75,21.3,23.04,20.77
1759355379,21.59,20.75,21.3,23.03,20.76
1759355389,21.59,20.75,21.3,23.02,20.76
1759355399,21.58,20.71,21.28,23,20.75
1759355409,21.58,20.69,21.26,23,20.74
1759355419,21.58,20.68,21.26,22.99,20.74
1759355429,21.58,20.64,21.26,22.99,20.73
1759355439,21.58,20.63,21.24,22.98,20.73
1759355449,21.58,20.63,21.23,22.98,20.72
1759355459,21.57,20.64,21.23,22.97,20.73
1759355469,21.58,20.66,21.23,22.97,20.74
1759355479,21.58,20.65,21.21,22.97,20.73
1759355489,21.58,20.65,21.21,22.96,20.73
1759355499,21.58,20.67,21.22,22.96,20.74
1759355509,21.57,20.64,21.2,22.94,20.72
1759355519,21.57,20.64,21.2,22.94,20.72
1759355529,21.57,20.63,21.19,22.93,20.71
1759355539,21.56,20.64,21.19,22.92,20.7
1759355549,21.55,20.64,21.2,22.91,20.7
1759355559,21.56,20.65,21.22,22.92,20.7
1759355569,21.56,20.65,21.21,22.91,20.69
1759355579,21.56,20.65,21.21,22.9,20.69
1759355589,21.56,20.64,21.19,22.9,20.69
1759355599,21.56,20.65,21.2,22.9,20.69
1759355609,21.56,20.67,21.21,22.89,20.69
1759355619,21.56,20.64,21.2,22.89,20.68
1759355629,21.55,20.62,21.18,22.88,20.68
1759355639,21.56,20.62,21.17,22.88,20.68
1759355649,21.57,20.62,21.17,22.88,20.69
1759355659,21.56,20.63,21.17,22.88,20.68
1759355669,21.56,20.62,21.17,22.86,20.67
1759355679,21.55,20.59,21.16,22.85,20.65
1759355689,21.54,20.58,21.15,22.84,20.64
1759355699,21.54,20.58,21.14,22.84,20.63
1759355709,21.54,20.56,21.14,22.83,20.62
1759355719,21.53,20.55,21.13,22.82,20.62
1759355729,21.52,20.59,21.13,22.82,20.62
1759355739,21.52,20.57,21.13,22.8,20.61
1759355749,21.52,20.55,21.13,22.8,20.6
1759355759,21.53,20.57,21.13,22.8,20.61
1759355769,21.51,20.59,21.12,22.78,20.61
1759355779,21.51,20.61,21.12,22.77,20.62
1759355789,21.52,20.61,21.13,22.77,20.64
1759355799,21.52,20.59,21.12,22.77,20.63
1759355809,21.52,20.59,21.11,22.76,20.63
1759355819,21.51,20.58,21.1,22.75,20.62
1759355829,21.51,20.63,21.12,22.75,20.64
1759355839,21.51,20.63,21.12,22.74,20.64
1759355849,21.52,20.62,21.11,22.74,20.64
1759355859,21.51,20.63,21.11,22.73,20.63
1759355869,21.51,20.63,21.11,22.73,20.64
1759355879,21.51,20.62,21.11,22.72,20.63
1759355889,21.52,20.61,21.11,22.72,20.63
1759355899,21.51,20.59,21.09,22.71,20.62
1759355909,21.5,20.58,21.08,22.7,20.61
1759355919,21.5,20.58,21.08,22.7,20.61
1759355929,21.5,20.58,21.08,22.69,20.6
1759355939,21.49,20.59,21.08,22.69,20.6
1759355949,21.49,20.58,21.07,22.68,20.59
1759355959,21.49,20.59,21.08,22.67,20.59
1759355969,21.5,20.61,21.09,22.68,20.61
1759355979,21.49,20.62,21.08,22.67,20.6
1759355989,21.49,20.59,21.08,22.67,20.61
1759355999,21.49,20.59,21.08,22.66,20.6
1759356009,21.49,20.6,21.08,22.66,20.6
1759356019,21.49,20.62,21.09,22.65,20.61
1759356029,21.49,20.62,21.08,22.65,20.6
1759356039,21.48,20.57,21.06,22.64,20.58
1759356049,21.48,20.55,21.03,22.63,20.56
1759356059,21.48,20.56,21.04,22.63,20.57
1759356069,21.47,20.54,21.04,22.63,20.56
1759356079,21.47,20.55,21.04,22.63,20.56
1759356089,21.47,20.58,21.06,22.63,20.57
1759356099,21.46,20.59,21.05,22.62,20.56
1759356109,21.46,20.59,21.06,22.61,20.55
1759356119,21.47,20.56,21.05,22.61,20.55
1759356129,21.47,20.54,21.04,22.61,20.54
1759356139,21.46,20.53,21.03,22.61,20.54
1759356149,21.47,20.51,21.02,22.61,20.54
1759356159,21.46,20.53,21.02,22.6,20.54
1759356169,21.46,20.53,21.02,22.59,20.54
1759356179,21.46,20.51,21.02,22.59,20.53
1759356189,21.46,20.5,21.03,22.59,20.54
1759356199,21.46,20.51,21.01,22.59,20.53
1759356209,21.45,20.51,21,22.58,20.53
1759356219,21.46,20.53,21.01,22.59,20.54
1759356229,21.45,20.49,20.99,22.57,20.52
1759356239,21.44,20.51,21,22.57,20.53
1759356249,21.45,20.53,21,22.56,20.53
1759356259,21.43,20.54,20.99,22.55,20.52
1759356269,21.44,20.53,21.01,22.57,20.53
1759356279,21.44,20.53,21.01,22.57,20.53
1759356289,21.43,20.46,20.99,22.54,20.5
1759356299,21.42,20.45,20.95,22.53,20.48
1759356309,21.43,20.46,20.95,22.54,20.48
1759356319,21.42,20.47,20.95,22.52,20.48
1759356329,21.42,20.47,20.96,22.52,20.49
1759356339,21.42,20.48,20.96,22.51,20.49
1759356349,21.42,20.5,20.98,22.52,20.5
1759356359,21.43,20.48,20.96,22.52,20.5
1759356369,21.43,20.49,20.96,22.52,20.49
1759356379,21.42,20.5,20.95,22.5,20.48
1759356389,21.41,20.5,20.95,22.5,20.48
1759356399,21.41,20.5,20.95,22.49,20.48
1759356409,21.4,20.49,20.94,22.48,20.47
1759356419,21.41,20.47,20.94,22.48,20.47
1759356429,21.41,20.45,20.93,22.48,20.47
1759356439,21.4,20.45,20.92,22.47,20.47
1759356449,21.4,20.44,20.92,22.47,20.46
1759356459,21.39,20.41,20.91,22.46,20.44
1759356469,21.4,20.4,20.9,22.46,20.44
1759356479,21.4,20.4,20.9,22.46,20.44
1759356489,21.38,20.42,20.9,22.45,20.43
1759356499,21.4,20.42,20.91,22.46,20.44
1759356509,21.39,20.42,20.9,22.45,20.44
1759356519,21.38,20.41,20.89,22.44,20.43
1759356529,21.38,20.41,20.89,22.43,20.43
1759356539,21.38,20.41,20.89,22.43,20.43
1759356549,21.38,20.41,20.89,22.42,20.43
1759356559,21.38,20.43,20.89,22.42,20.43
1759356569,21.38,20.41,20.89,22.42,20.43
1759356579,21.37,20.39,20.87,22.41,20.42
1759356589,21.37,20.4,20.87,22.41,20.42
1759356599,21.37,20.4,20.88,22.41,20.42
1759356609,21.37,20.42,20.88,22.41,20.42
1759356619,21.38,20.44,20.89,22.41,20.43
1759356629,21.38,20.47,20.9,22.41,20.43
1759356639,21.38,20.46,20.9,22.4,20.42
1759356649,21.38,20.43,20.9,22.4,20.42
1759356659,21.38,20.43,20.89,22.4,20.41
1759356669,21.37,20.44,20.88,22.39,20.4
1759356679,21.37,20.45,20.88,22.39,20.41
1759356689,21.36,20.43,20.87,22.37,20.4
1759356699,21.36,20.4,20.86,22.37,20.4
1759356709,21.36,20.38,20.86,22.37,20.39
1759356719,21.37,20.4,20.86,22.38,20.4
1759356729,21.37,20.41,20.86,22.37,20.4
1759356739,21.36,20.39,20.85,22.36,20.4
1759356749,21.36,20.4,20.85,22.36,20.4
1759356759,21.36,20.4,20.86,22.36,20.4
1759356769,21.36,20.4,20.86,22.36,20.4
1759356779,21.36,20.38,20.85,22.36,20.39
1759356789,21.35,20.35,20.84,22.35,20.38
1759356799,21.35,20.36,20.83,22.35,20.37
1759356809,21.35,20.33,20.82,22.34,20.36
1759356819,21.35,20.33,20.82,22.34,20.36
1759356829,21.34,20.3,20.81,22.34,20.35
1759356839,21.34,20.3,20.8,22.34,20.35
1759356849,21.34,20.31,20.8,22.33,20.35
1759356859,21.34,20.32,20.81,22.33,20.36
1759356869,21.34,20.35,20.81,22.32,20.36
1759356879,21.34,20.35,20.82,22.32,20.36
1759356889,21.34,20.34,20.81,22.31,20.36
1759356899,21.34,20.35,20.8,22.31,20.36
1759356909,21.33,20.36,20.8,22.3,20.36
1759356919,21.33,20.33,20.8,22.3,20.35
1759356929,21.32,20.33,20.79,22.29,20.34
1759356939,21.32,20.35,20.79,22.29,20.35
1759356949,21.32,20.3,20.79,22.29,20.34
1759356959,21.32,20.29,20.78,22.29,20.33
1759356969,21.32,20.29,20.78,22.29,20.34
1759356979,21.31,20.25,20.76,22.28,20.31
1759356989,21.31,20.26,20.77,22.28,20.31
1759356999,21.31,20.3,20.77,22.28,20.31
1759357009,21.31,20.31,20.78,22.28,20.32
1759357019,21.31,20.32,20.78,22.27,20.32
1759357029,21.3,20.29,20.77,22.27,20.3
1759357039,21.31,20.28,20.77,22.26,20.3
1759357049,21.3,20.27,20.75,22.26,20.3
1759357059,21.3,20.27,20.74,22.26,20.29
1759357069,21.3,20.29,20.75,22.26,20.3
1759357079,21.29,20.25,20.74,22.25,20.29
1759357089,21.29,20.25,20.73,22.25,20.28
1759357099,21.29,20.24,20.73,22.24,20.27
1759357109,21.28,20.27,20.74,22.24,20.28
1759357119,21.28,20.27,20.75,22.24,20.28
1759357129,21.28,20.28,20.74,22.23,20.28
1759357139,21.28,20.28,20.74,22.23,20.28
1759357149,21.27,20.24,20.72,22.22,20.26
1759357159,21.28,20.22,20.72,22.23,20.26
1759357169,21.28,20.23,20.71,22.23,20.26
1759357179,21.28,20.25,20.71,22.23,20.26
1759357189,21.28,20.24,20.72,22.23,20.26
1759357199,21.28,20.24,20.71,22.23,20.27
1759357209,21.28,20.23,20.71,22.23,20.26
1759357219,21.26,20.22,20.68,22.21,20.24
1759357229,21.27,20.22,20.7,22.22,20.25
1759357239,21.27,20.23,20.72,22.22,20.25
1759357249,21.27,20.27,20.72,22.21,20.25
1759357259,21.27,20.26,20.73,22.2,20.26
1759357269,21.26,20.24,20.72,22.19,20.25
1759357279,21.27,20.26,20.73,22.2,20.25
1759357289,21.27,20.23,20.71,22.19,20.24
1759357299,21.25,20.21,20.69,22.18,20.23
1759357309,21.24,20.18,20.69,22.17,20.23
1759357319,21.26,20.21,20.71,22.19,20.24
1759357329,21.26,20.19,20.7,22.19,20.22
1759357339,21.24,20.17,20.67,22.18,20.21
1759357349,21.23,20.16,20.66,22.17,20.21
1759357359,21.23,20.13,20.64,22.16,20.19
1759357369,21.22,20.15,20.63,22.15,20.19
1759357379,21.23,20.15,20.64,22.16,20.2
1759357389,21.22,20.16,20.64,22.15,20.19
1759357399,21.22,20.13,20.63,22.14,20.18
1759357409,21.21,20.13,20.62,22.14,20.18
1759357419,21.21,20.13,20.62,22.14,20.18
1759357429,21.21,20.16,20.63,22.14,20.18
1759357439,21.2,20.16,20.63,22.13,20.18
1759357449,21.21,20.18,20.63,22.13,20.19
1759357459,21.21,20.17,20.63,22.13,20.19
1759357469,21.21,20.17,20.63,22.13,20.19
1759357479,21.22,20.19,20.64,22.14,20.21
1759357489,21.21,20.17,20.64,22.13,20.2
1759357499,21.21,20.15,20.64,22.13,20.19
1759357509,21.21,20.13,20.62,22.12,20.17
1759357519,21.2,20.14,20.62,22.12,20.17
1759357529,21.2,20.15,20.62,22.12,20.17
1759357539,21.2,20.14,20.61,22.11,20.17
1759357549,21.19,20.13,20.6,22.11,20.17
1759357559,21.2,20.15,20.61,22.12,20.18
1759357569,21.2,20.15,20.6,22.11,20.18
1759357579,21.2,20.16,20.6,22.12,20.17
1759357589,21.2,20.17,20.61,22.11,20.17
1759357599,21.19,20.15,20.6,22.1,20.16
1759357609,21.19,20.14,20.6,22.1,20.16
1759357619,21.18,20.15,20.6,22.09,20.14
1759357629,21.18,20.15,20.6,22.09,20.15
1759357639,21.18,20.13,20.6,22.08,20.15
1759357649,21.19,20.12,20.6,22.09,20.15
1759357659,21.18,20.13,20.6,22.09,20.15
1759357669,21.18,20.14,20.6,22.08,20.15
1759357679,21.18,20.14,20.59,22.08,20.15
1759357689,21.18,20.15,20.6,22.08,20.16
1759357699,21.18,20.14,20.59,22.07,20.15
1759357709,21.19,20.1,20.59,22.08,20.14
1759357719,21.18,20.1,20.58,22.08,20.13
1759357729,21.18,20.08,20.56,22.07,20.13
1759357739,21.17,20.12,20.57,22.07,20.13
1759357749,21.17,20.11,20.58,22.07,20.13
1759357759,21.16,20.11,20.58,22.06,20.13
1759357769,21.17,20.15,20.59,22.07,20.14
1759357779,21.16,20.16,20.59,22.06,20.14
1759357789,21.16,20.16,20.58,22.06,20.14
1759357799,21.16,20.16,20.58,22.05,20.13
1759357809,21.16,20.15,20.59,22.05,20.13
1759357819,21.16,20.14,20.58,22.05,20.12
1759357829,21.15,20.15,20.58,22.04,20.12
1759357839,21.15,20.15,20.58,22.04,20.12
1759357849,21.15,20.11,20.56,22.03,20.11
1759357859,21.14,20.11,20.54,22.03,20.11
1759357869,21.15,20.13,20.55,22.04,20.11
1759357879,21.14,20.13,20.56,22.03,20.09
1759357889,21.14,20.15,20.57,22.03,20.09
1759357899,21.15,20.15,20.58,22.04,20.1
1759357909,21.14,20.14,20.57,22.03,20.1
1759357919,21.14,20.13,20.56,22.02,20.1
1759357929,21.13,20.14,20.55,22.02,20.1
1759357939,21.13,20.14,20.55,22.02,20.11
1759357949,21.13,20.1,20.55,22.02,20.1
1759357959,21.14,20.12,20.56,22.02,20.11
1759357969,21.13,20.13,20.56,22.01,20.1
1759357979,21.14,20.14,20.56,22.02,20.11
1759357989,21.14,20.13,20.56,22.02,20.11
1759357999,21.14,20.15,20.57,22.02,20.12
1759358009,21.14,20.14,20.57,22.01,20.11
1759358019,21.14,20.14,20.57,22.01,20.11
1759358029,21.14,20.12,20.56,22.01,20.1
1759358039,21.13,20.1,20.54,22,20.09
1759358049,21.13,20.1,20.54,22.01,20.09
1759358059,21.12,20.12,20.53,22,20.08
1759358069,21.12,20.12,20.54,21.99,20.08
1759358079,21.11,20.09,20.52,21.98,20.07
1759358089,21.11,20.11,20.53,21.99,20.07
1759358099,21.11,20.09,20.53,21.98,20.07
1759358109,21.11,20.11,20.54,21.98,20.07
1759358119,21.11,20.11,20.54,21.98,20.08
1759358129,21.11,20.1,20.53,21.98,20.08
1759358139,21.11,20.11,20.54,21.98,20.08
1759358149,21.11,20.1,20.54,21.98,20.08
1759358159,21.11,20.1,20.53,21.98,20.07
1759358169,21.11,20.13,20.53,21.98,20.07
1759358179,21.11,20.13,20.54,21.98,20.08
1759358189,21.11,20.14,20.55,21.98,20.07
1759358199,21.11,20.11,20.55,21.98,20.08
1759358209,21.11,20.1,20.54,21.98,20.07
1759358219,21.11,20.08,20.54,21.97,20.06
1759358229,21.11,20.12,20.55,21.97,20.07
1759358239,21.1,20.14,20.54,21.96,20.07
1759358249,21.1,20.17,20.54,21.96,20.07
1759358259,21.1,20.17,20.55,21.96,20.07
1759358269,21.1,20.15,20.54,21.96,20.07
1759358279,21.1,20.15,20.54,21.96,20.08
1759358289,21.1,20.14,20.55,21.96,20.07
1759358299,21.11,20.11,20.55,21.97,20.07
1759358309,21.11,20.07,20.53,21.97,20.05
1759358319,21.09,20.1,20.52,21.96,20.05
1759358329,21.09,20.11,20.52,21.95,20.05
1759358339,21.09,20.1,20.53,21.95,20.05
1759358349,21.09,20.11,20.52,21.95,20.05
1759358359,21.09,20.08,20.52,21.95,20.05
1759358369,21.09,20.07,20.51,21.95,20.05
1759358379,21.08,20.04,20.49,21.93,20.03
1759358389,21.08,20.03,20.47,21.93,20.03
1759358399,21.07,20.06,20.47,21.93,20.02
1759358409,21.06,20.06,20.48,21.92,20.02
1759358419,21.07,20.06,20.49,21.93,20.03
1759358429,21.07,20.04,20.49,21.93,20.02
1759358439,21.06,20.05,20.48,21.92,20.01
1759358449,21.06,20.04,20.48,21.92,20
1759358459,21.06,20.04,20.48,21.91,20.01
1759358469,21.06,20.05,20.47,21.91,20.01
1759358479,21.05,20.06,20.48,21.91,20.02
1759358489,21.05,20.09,20.48,21.91,20.02
1759358499,21.06,20.09,20.5,21.91,20.03
1759358509,21.06,20.07,20.49,21.91,20.03
1759358519,21.06,20.05,20.47,21.91,20.03
1759358529,21.06,20.05,20.47,21.91,20.03
1759358539,21.06,20.05,20.45,21.9,20.02
1759358549,21.06,20.09,20.46,21.9,20.03
1759358559,21.06,20.12,20.48,21.9,20.03
1759358569,21.06,20.11,20.5,21.9,20.03
1759358579,21.06,20.11,20.51,21.91,20.04
1759358589,21.07,20.1,20.51,21.9,20.04
1759358599,21.06,20.07,20.48,21.9,20.03
1759358609,21.06,20.08,20.47,21.9,20.03
1759358619,21.06,20.04,20.47,21.9,20.03
1759358629,21.06,20.04,20.46,21.9,20.04
1759358639,21.06,20.05,20.46,21.9,20.03
1759358649,21.05,20.03,20.45,21.89,20.02
1759358659,21.04,20.04,20.45,21.88,20.02
1759358669,21.04,20.03,20.45,21.88,20.01
1759358679,21.05,20.03,20.46,21.89,20.02
1759358689,21.05,20.02,20.45,21.88,20.02
1759358699,21.04,20.03,20.45,21.88,20.02
1759358709,21.04,20.06,20.45,21.87,20.02
1759358719,21.03,20.05,20.45,21.86,20.01
1759358729,21.03,20.04,20.45,21.86,20.01
1759358739,21.03,20.02,20.46,21.87,20.01
1759358749,21.03,20.02,20.45,21.86,20
1759358759,21.03,20.01,20.44,21.86,20
1759358769,21.03,19.99,20.44,21.86,19.99
1759358779,21.02,19.99,20.43,21.85,19.98
1759358789,21.01,19.96,20.43,21.85,19.97
1759358799,21.02,19.96,20.42,21.85,19.97
1759358809,21.02,19.96,20.42,21.85,19.97
1759358819,21.01,19.94,20.42,21.84,19.97
1759358829,21,19.92,20.4,21.84,19.96
1759358839,21,19.97,20.4,21.83,19.96
1759358849,21,19.98,20.42,21.84,19.97
1759358859,21,20,20.42,21.84,19.97
1759358869,21,20.03,20.43,21.84,19.98
1759358879,21,20.06,20.44,21.84,19.99
1759358889,21,20.03,20.43,21.83,19.99
1759358899,21,20.01,20.43,21.83,19.98
1759358909,21,20.02,20.42,21.83,19.97
1759358919,20.99,20,20.41,21.82,19.96
1759358929,20.99,19.92,20.39,21.82,19.94
1759358939,20.99,19.87,20.37,21.82,19.94
1759358949,20.98,19.87,20.36,21.82,19.93
1759358959,20.98,19.9,20.36,21.81,19.93
1759358969,20.98,19.92,20.37,21.81,19.93
1759358979,20.97,19.95,20.38,21.8,19.93
1759358989,20.97,19.98,20.39,21.8,19.94
1759358999,20.97,19.97,20.39,21.8,19.93
1759359009,20.97,19.96,20.38,21.79,19.93
1759359019,20.96,19.93,20.37,21.79,19.92
1759359029,20.97,19.96,20.38,21.79,19.93
1759359039,20.97,19.97,20.39,21.79,19.94
1759359049,20.97,19.96,20.39,21.79,19.94
1759359059,20.97,19.95,20.38,21.79,19.93
1759359069,20.97,19.98,20.38,21.78,19.93
1759359079,20.97,19.97,20.38,21.78,19.92
1759359089,20.96,19.99,20.38,21.78,19.92
1759359099,20.97,20,20.38,21.78,19.92
1759359109,20.96,19.98,20.38,21.78,19.92
1759359119,20.96,19.96,20.36,21.77,19.92
1759359129,20.95,19.97,20.36,21.77,19.91
1759359139,20.96,19.98,20.37,21.78,19.91
1759359149,20.96,19.97,20.38,21.78,19.92
1759359159,20.96,19.96,20.37,21.78,19.91
1759359169,20.95,19.97,20.37,21.78,19.91
1759359179,20.95,19.97,20.38,21.78,19.91
1759359189,20.95,19.95,20.37,21.77,19.9
1759359199,20.95,19.93,20.35,21.77,19.9
1759359209,20.95,19.93,20.35,21.78,19.9
1759359219,20.94,19.92,20.33,21.77,19.89
1759359229,20.94,19.93,20.34,21.77,19.89
1759359239,20.94,19.93,20.34,21.78,19.89
1759359249,20.94,19.92,20.34,21.77,19.88
1759359259,20.94,19.95,20.35,21.77,19.89
1759359269,20.94,19.95,20.36,21.78,19.9
1759359279,20.95,19.98,20.38,21.78,19.91
1759359289,20.95,19.97,20.38,21.78,19.92
1759359299,20.95,19.98,20.38,21.78,19.92
1759359309,20.94,19.93,20.35,21.77,19.91
1759359319,20.94,19.92,20.34,21.77,19.9
1759359329,20.94,19.93,20.34,21.78,19.9
1759359339,20.93,19.94,20.35,21.77,19.89
1759359349,20.93,19.95,20.35,21.77,19.89
1759359359,20.93,19.95,20.36,21.77,19.89
1759359369,20.92,19.91,20.34,21.76,19.88
1759359379,20.93,19.91,20.33,21.77,19.88
1759359389,20.92,19.93,20.33,21.76,19.88
1759359399,20.92,19.93,20.34,21.76,19.88
1759359409,20.91,19.91,20.33,21.75,19.86
1759359419,20.91,19.93,20.34,21.75,19.87
1759359429,20.92,19.97,20.35,21.75,19.87
1759359439,20.91,19.95,20.35,21.75,19.88
1759359449,20.92,19.94,20.34,21.75,19.87
1759359459,20.91,19.9,20.33,21.75,19.86
1759359469,20.91,19.89,20.32,21.74,19.85
1759359479,20.91,19.88,20.31,21.74,19.85
1759359489,20.9,19.89,20.3,21.73,19.85
1759359499,20.9,19.91,20.32,21.73,19.86
1759359509,20.9,19.89,20.31,21.74,19.85
1759359519,20.9,19.92,20.31,21.74,19.85
1759359529,20.9,19.92,20.31,21.74,19.85
1759359539,20.89,19.9,20.31,21.74,19.85
1759359549,20.89,19.88,20.3,21.74,19.84
1759359559,20.89,19.85,20.3,21.74,19.83
1759359569,20.89,19.85,20.29,21.74,19.83
1759359579,20.89,19.89,20.3,21.74,19.84
1759359589,20.89,19.88,20.29,21.73,19.84
1759359599,20.89,19.88,20.29,21.73,19.84
1759359609,20.88,19.86,20.28,21.73,19.83
1759359619,20.89,19.86,20.28,21.73,19.83
1759359629,20.88,19.86,20.27,21.72,19.82
1759359639,20.89,19.89,20.28,21.73,19.84
1759359649,20.89,19.87,20.28,21.73,19.83
1759359659,20.87,19.84,20.27,21.72,19.81
1759359669,20.87,19.81,20.26,21.71,19.79
1759359679,20.87,19.81,20.26,21.72,19.79
1759359689,20.86,19.79,20.25,21.71,19.79
1759359699,20.86,19.81,20.25,21.72,19.79
1759359709,20.86,19.84,20.26,21.72,19.79
1759359719,20.86,19.83,20.26,21.72,19.8
1759359729,20.86,19.84,20.26,21.71,19.79
1759359739,20.86,19.87,20.27,21.71,19.8
1759359749,20.85,19.86,20.28,21.7,19.8
1759359759,20.85,19.85,20.27,21.7,19.8
1759359769,20.85,19.86,20.27,21.7,19.8
1759359779,20.84,19.84,20.26,21.69,19.79
1759359789,20.85,19.87,20.27,21.7,19.8
1759359799,20.85,19.84,20.27,21.7,19.8
1759359809,20.85,19.84,20.26,21.7,19.79
1759359819,20.85,19.84,20.26,21.7,19.8
1759359829,20.85,19.83,20.25,21.7,19.8
1759359839,20.85,19.87,20.27,21.7,19.81
1759359849,20.86,19.9,20.29,21.71,19.83
1759359859,20.86,19.91,20.28,21.7,19.82
1759359869,20.86,19.88,20.28,21.7,19.82
1759359879,20.85,19.87,20.27,21.7,19.81
1759359889,20.85,19.86,20.27,21.7,19.81
1759359899,20.85,19.83,20.26,21.7,19.8
1759359909,20.84,19.83,20.25,21.7,19.8
1759359919,20.83,19.85,20.25,21.68,19.79
1759359929,20.83,19.87,20.25,21.69,19.79
1759359939,20.84,19.87,20.26,21.69,19.81
1759359949,20.83,19.86,20.25,21.68,19.79
1759359959,20.83,19.84,20.25,21.68,19.79
1759359969,20.83,19.84,20.25,21.68,19.78
1759359979,20.84,19.85,20.26,21.69,19.79
1759359989,20.83,19.84,20.26,21.69,19.79
1759359999,20.83,19.82,20.26,21.69,19.78
1759360009,20.83,19.82,20.25,21.69,19.77
1759360019,20.82,19.82,20.25,21.68,19.77
1759360029,20.83,19.84,20.25,21.68,19.78
1759360039,20.83,19.81,20.24,21.68,19.77
1759360049,20.83,19.8,20.24,21.68,19.77
1759360059,20.82,19.84,20.24,21.68,19.78
1759360069,20.82,19.89,20.25,21.68,19.78
1759360079,20.82,19.88,20.26,21.68,19.79
1759360089,20.82,19.85,20.25,21.67,19.78
1759360099,20.81,19.86,20.24,21.67,19.77
1759360109,20.82,19.88,20.25,21.67,19.78
1759360119,20.83,19.89,20.27,21.67,19.79
1759360129,20.83,19.87,20.27,21.68,19.8
1759360139,20.82,19.84,20.26,21.67,19.78
1759360149,20.82,19.86,20.25,21.67,19.78
1759360159,20.82,19.88,20.25,21.66,19.78
1759360169,20.83,19.88,20.26,21.67,19.78
1759360179,20.82,19.88,20.26,21.67,19.78
1759360189,20.82,19.83,20.26,21.66,19.77
1759360199,20.81,19.82,20.25,21.67,19.76
1759360209,20.81,19.82,20.23,21.66,19.75
1759360219,20.8,19.81,20.22,21.66,19.75
1759360229,20.81,19.78,20.22,21.67,19.75
1759360239,20.8,19.79,20.22,21.66,19.74
1759360249,20.79,19.78,20.22,21.65,19.73
1759360259,20.79,19.78,20.22,21.66,19.73
1759360269,20.79,19.75,20.21,21.65,19.72
1759360279,20.78,19.75,20.2,21.64,19.71
1759360289,20.79,19.74,20.19,21.65,19.7
1759360299,20.78,19.79,20.2,21.64,19.73
1759360309,20.78,19.8,20.2,21.64,19.73
1759360319,20.78,19.81,20.2,21.63,19.73
1759360329,20.78,19.81,20.21,21.63,19.75
1759360339,20.78,19.79,20.2,21.63,19.74
1759360349,20.78,19.78,20.2,21.63,19.74
1759360359,20.78,19.81,20.19,21.63,19.73
1759360369,20.78,19.85,20.21,21.63,19.74
1759360379,20.77,19.84,20.21,21.62,19.74
1759360389,20.78,19.83,20.22,21.63,19.74
1759360399,20.78,19.81,20.21,21.63,19.74
1759360409,20.78,19.79,20.19,21.62,19.73
1759360419,20.77,19.77,20.18,21.62,19.72
1759360429,20.77,19.8,20.19,21.62,19.73
1759360439,20.79,19.84,20.21,21.64,19.75
1759360449,20.79,19.84,20.22,21.64,19.76
1759360459,20.79,19.82,20.21,21.63,19.75
1759360469,20.79,19.83,20.22,21.64,19.76
1759360479,20.78,19.81,20.22,21.63,19.74
1759360489,20.78,19.78,20.21,21.63,19.73
1759360499,20.77,19.78,20.19,21.62,19.73
1759360509,20.77,19.79,20.2,21.62,19.73
1759360519,20.77,19.8,20.19,21.62,19.73
1759360529,20.77,19.8,20.19,21.62,19.73
1759360539,20.77,19.75,20.18,21.61,19.71
1759360549,20.77,19.78,20.18,21.62,19.71
1759360559,20.77,19.8,20.19,21.62,19.72
1759360569,20.77,19.82,20.19,21.62,19.73
1759360579,20.76,19.81,20.17,21.61,19.72
1759360589,20.76,19.8,20.18,21.62,19.73
1759360599,20.77,19.81,20.18,21.62,19.73
1759360609,20.77,19.8,20.18,21.61,19.73
1759360619,20.77,19.77,20.17,21.61,19.73
1759360629,20.76,19.76,20.16,21.61,19.72
1759360639,20.76,19.75,20.16,21.61,19.72
1759360649,20.75,19.75,20.16,21.61,19.72
1759360659,20.76,19.76,20.17,21.61,19.72
1759360669,20.75,19.72,20.15,21.61,19.71
1759360679,20.75,19.76,20.15,21.61,19.71
1759360689,20.74,19.77,20.16,21.6,19.71
1759360699,20.74,19.75,20.16,21.6,19.7
1759360709,20.74,19.78,20.16,21.6,19.71
1759360719,20.74,19.77,20.16,21.6,19.7
1759360729,20.75,19.78,20.18,21.6,19.71
1759360739,20.74,19.76,20.17,21.6,19.7
1759360749,20.74,19.77,20.16,21.59,19.7
1759360759,20.74,19.77,20.16,21.59,19.7
1759360769,20.74,19.77,20.16,21.59,19.7
1759360779,20.73,19.75,20.15,21.58,19.68
1759360789,20.73,19.72,20.14,21.58,19.67
1759360799,20.72,19.75,20.14,21.58,19.67
1759360809,20.73,19.75,20.15,21.58,19.68
1759360819,20.72,19.76,20.14,21.58,19.68
1759360829,20.73,19.76,20.15,21.58,19.69
1759360839,20.73,19.73,20.14,21.58,19.69
1759360849,20.72,19.72,20.13,21.57,19.67
1759360859,20.71,19.7,20.12,21.57,19.67
1759360869,20.71,19.71,20.12,21.57,19.67
1759360879,20.71,19.71,20.12,21.57,19.67
1759360889,20.71,19.73,20.13,21.57,19.67
1759360899,20.72,19.73,20.14,21.57,19.68
1759360909,20.71,19.71,20.13,21.57,19.67
1759360919,20.71,19.73,20.12,21.57,19.67
1759360929,20.7,19.72,20.12,21.56,19.66
1759360939,20.7,19.72,20.12,21.56,19.66
1759360949,20.71,19.71,20.13,21.57,19.66
1759360959,20.71,19.71,20.13,21.57,19.67
1759360969,20.71,19.71,20.13,21.57,19.66
1759360979,20.71,19.7,20.12,21.57,19.66
1759360989,20.71,19.72,20.12,21.57,19.66
1759360999,20.71,19.7,20.12,21.56,19.66
1759361009,20.7,19.68,20.11,21.56,19.66
1759361019,20.7,19.68,20.1,21.56,19.65
1759361029,20.69,19.69,20.1,21.55,19.65
1759361039,20.69,19.69,20.1,21.56,19.65
1759361049,20.69,19.68,20.1,21.55,19.64
1759361059,20.68,19.65,20.08,21.55,19.63
1759361069,20.67,19.65,20.07,21.54,19.63
1759361079,20.67,19.65,20.07,21.55,19.64
1759361089,20.68,19.68,20.08,21.55,19.65
1759361099,20.68,19.7,20.08,21.55,19.65
1759361109,20.68,19.71,20.09,21.55,19.65
1759361119,20.68,19.73,20.1,21.55,19.65
1759361129,20.68,19.72,20.11,21.55,19.65
1759361139,20.67,19.72,20.11,21.54,19.65
1759361149,20.68,19.71,20.1,21.54,19.65
1759361159,20.67,19.69,20.09,21.54,19.64
1759361169,20.67,19.69,20.08,21.54,19.64
1759361179,20.67,19.73,20.09,21.54,19.64
1759361189,20.67,19.73,20.1,21.55,19.65
1759361199,20.67,19.71,20.1,21.54,19.64
1759361209,20.66,19.67,20.08,21.54,19.63
1759361219,20.67,19.67,20.07,21.54,19.62
1759361229,20.65,19.62,20.06,21.53,19.6
1759361239,20.65,19.64,20.06,21.53,19.6
1759361249,20.64,19.66,20.07,21.53,19.6
1759361259,20.65,19.67,20.08,21.53,19.63
1759361269,20.64,19.64,20.06,21.53,19.61
1759361279,20.63,19.63,20.04,21.51,19.6
1759361289,20.64,19.64,20.05,21.53,19.61
1759361299,20.65,19.7,20.08,21.53,19.62
1759361309,20.66,19.74,20.1,21.52,19.62
1759361319,20.64,19.73,20.08,21.52,19.62
1759361329,20.65,19.75,20.09,21.51,19.63
1759361339,20.65,19.76,20.1,21.51,19.63
1759361349,20.64,19.76,20.1,21.51,19.64
1759361359,20.65,19.75,20.1,21.5,19.64
1759361369,20.65,19.74,20.1,21.51,19.64
1759361379,20.65,19.72,20.09,21.5,19.64
1759361389,20.65,19.74,20.09,21.51,19.64
1759361399,20.65,19.76,20.09,21.5,19.65
1759361409,20.65,19.73,20.09,21.5,19.65
1759361419,20.65,19.73,20.09,21.51,19.65
1759361429,20.64,19.72,20.07,21.5,19.63
1759361439,20.63,19.71,20.07,21.5,19.62
1759361449,20.64,19.73,20.08,21.5,19.64
1759361459,20.64,19.74,20.09,21.51,19.64
1759361469,20.64,19.74,20.09,21.5,19.63
1759361479,20.64,19.72,20.1,21.51,19.64
1759361489,20.64,19.72,20.09,21.5,19.64
1759361499,20.64,19.72,20.09,21.51,19.64
1759361509,20.65,19.69,20.09,21.51,19.63
1759361519,20.64,19.7,20.09,21.51,19.63
1759361529,20.63,19.72,20.08,21.5,19.62
1759361539,20.64,19.71,20.08,21.5,19.62
1759361549,20.63,19.7,20.08,21.5,19.62
1759361559,20.63,19.68,20.07,21.5,19.62
1759361569,20.63,19.69,20.07,21.51,19.61
1759361579,20.63,19.7,20.07,21.51,19.61
1759361589,20.62,19.7,20.07,21.49,19.61
1759361599,20.62,19.68,20.06,21.5,19.61
1759361609,20.62,19.69,20.07,21.5,19.61
1759361619,20.63,19.69,20.08,21.5,19.62
1759361629,20.62,19.66,20.06,21.49,19.6
1759361639,20.62,19.64,20.05,21.49,19.6
1759361649,20.61,19.63,20.04,21.49,19.59
1759361659,20.61,19.66,20.03,21.49,19.59
1759361669,20.61,19.68,20.04,21.49,19.6
1759361679,20.61,19.68,20.05,21.49,19.6
1759361689,20.61,19.65,20.05,21.49,19.59
1759361699,20.61,19.64,20.04,21.49,19.58
1759361709,20.61,19.64,20.04,21.49,19.58
1759361719,20.6,19.65,20.04,21.48,19.57
1759361729,20.61,19.67,20.05,21.49,19.59
1759361739,20.6,19.67,20.05,21.49,19.59
1759361749,20.6,19.66,20.05,21.48,19.58
1759361759,20.6,19.66,20.06,21.48,19.59
1759361769,20.6,19.68,20.06,21.49,19.59
1759361779,20.6,19.7,20.06,21.48,19.59
1759361789,20.61,19.7,20.07,21.49,19.6
1759361799,20.62,19.69,20.06,21.49,19.6
1759361809,20.61,19.72,20.06,21.48,19.59
1759361819,20.6,19.71,20.06,21.48,19.59
1759361829,20.6,19.69,20.06,21.47,19.59
1759361839,20.6,19.67,20.04,21.47,19.58
1759361849,20.59,19.67,20.04,21.46,19.58
1759361859,20.6,19.69,20.05,21.47,19.59
1759361869,20.59,19.7,20.04,21.46,19.59
1759361879,20.59,19.71,20.04,21.46,19.59
1759361889,20.59,19.71,20.05,21.45,19.58
1759361899,20.59,19.73,20.05,21.45,19.58
1759361909,20.58,19.71,20.06,21.44,19.58
1759361919,20.59,19.7,20.05,21.44,19.58
1759361929,20.59,19.68,20.04,21.45,19.58
1759361939,20.6,19.69,20.05,21.45,19.58
1759361949,20.59,19.68,20.04,21.45,19.57
1759361959,20.59,19.67,20.04,21.45,19.57
1759361969,20.59,19.66,20.02,21.45,19.56
1759361979,20.58,19.65,20.02,21.45,19.56
1759361989,20.58,19.67,20.02,21.45,19.56
1759361999,20.58,19.69,20.04,21.45,19.57
1759362009,20.58,19.67,20.04,21.45,19.57
1759362019,20.58,19.66,20.03,21.44,19.56
1759362029,20.57,19.64,20.03,21.44,19.55
1759362039,20.58,19.65,20.03,21.44,19.56
1759362049,20.58,19.65,20.03,21.44,19.55
1759362059,20.58,19.66,20.02,21.44,19.56
1759362069,20.58,19.68,20.04,21.45,19.56
1759362079,20.58,19.65,20.03,21.44,19.57
1759362089,20.58,19.63,20.02,21.44,19.55
1759362099,20.57,19.65,20.02,21.44,19.55
1759362109,20.58,19.66,20.03,21.44,19.55
1759362119,20.57,19.62,20.01,21.44,19.54
1759362129,20.57,19.62,20.01,21.44,19.54
1759362139,20.56,19.63,20,21.43,19.53
1759362149,20.57,19.65,20.02,21.44,19.55
1759362159,20.56,19.64,20.01,21.43,19.53
1759362169,20.56,19.63,20.01,21.43,19.54
1759362179,20.57,19.64,20.01,21.44,19.54
1759362189,20.57,19.64,20.01,21.44,19.55
1759362199,20.56,19.63,20,21.43,19.54
1759362209,20.55,19.63,20,21.43,19.54
1759362219,20.55,19.64,20,21.43,19.54
1759362229,20.54,19.6,19.98,21.41,19.52
1759362239,20.54,19.62,19.98,21.42,19.52
1759362249,20.56,19.62,19.99,21.43,19.53
1759362259,20.55,19.63,19.99,21.42,19.53
1759362269,20.55,19.63,20,21.43,19.53
1759362279,20.55,19.65,20,21.43,19.53
1759362289,20.55,19.62,19.99,21.42,19.53
1759362299,20.56,19.63,20,21.43,19.54
1759362309,20.53,19.59,19.97,21.42,19.52
1759362319,20.53,19.62,19.98,21.41,19.51
1759362329,20.53,19.64,19.99,21.41,19.51
1759362339,20.52,19.61,19.99,21.39,19.5
1759362349,20.54,19.64,19.99,21.41,19.52
