track speed,PID setting,direction,pmt delay,time fit 1,sigma 1,time fit 2,sigma 2,time fit 3,sigma 3,time fit 4,sigma 4,time fit 5,sigma 5,time fit 6,sigma 6,time fit 7,sigma 7,time fit 8,sigma 8,time fit 9,sigma 9,time fit 10,sigma 10
105.0,200,up,74,148.2,3.99,148.89,4.11,149.3,3.25,148.71,4.05,148.75,3.77,148.01,3.37,148.76,3.95,148.62,3.62,148.67,3.36,148.96,3.18
110.0,200,up,59,133.02,2.67,133.02,2.87,133.64,2.93,134.08,2.6,133.37,2.89,133.75,2.81,133.64,2.62,133.27,2.51,133.91,2.35,132.97,3.19
120.0,200,up,38,113.25,1.61,114.25,1.43,113.31,1.56,113.1,1.5,113.49,1.24,113.06,1.53,112.77,1.62,113.35,1.57,113.88,1.75,113.23,1.55
130.0,200,up,25,100.01,1.24,100.23,1.22,99.64,1.32,99.87,1.12,99.95,1.6,99.24,1.12,99.86,1.29,99.59,1.16,100.45,1.18,99.8,1.16
140.0,200,up,15,90.04,0.99,90.57,1.04,90.34,1.1,89.86,1.0,89.84,1.11,90.11,1.03,90.17,0.94,90.09,1.08,89.76,1.02,90.21,1.01
150.0,200,up,7,82.13,0.85,81.41,0.85,82.23,0.94,81.74,0.81,81.73,0.84,82.21,0.79,81.5,0.87,81.33,0.73,81.36,0.9,81.99,0.96
160.0,200,up,0,75.61,0.68,75.81,0.71,75.53,0.82,75.26,0.75,75.49,0.8,74.9,0.69,75.55,0.72,75.35,0.81,75.48,0.66,74.9,0.71
170.0,200,up,0,70.59,0.59,69.67,0.78,69.5,0.64,69.98,0.67,69.72,0.74,69.51,0.77,69.59,0.76,69.69,0.84,70.14,0.66,70.27,0.7
175.0,200,up,0,66.67,0.69,67.74,0.69,66.93,0.67,67.71,0.7,67.31,0.59,66.89,0.63,68.19,0.69,67.3,0.58,68.18,0.75,67.47,0.56
200.0,200,up,0,58.41,0.53,57.14,0.59,57.92,0.53,57.23,0.65,57.85,0.54,57.44,0.53,57.55,0.6,58.39,0.63,57.86,0.49,57.61,0.54
220.0,200,up,0,51.4,0.54,52.04,0.54,51.53,0.5,51.5,0.64,52.3,0.52,51.45,0.5,52.28,0.62,52.12,0.61,52.41,0.67,51.72,0.52
240.0,200,up,0,46.57,0.49,46.88,0.65,47.6,0.45,47.33,0.48,47.29,0.54,47.15,0.49,47.08,0.48,46.63,0.47,47.13,0.56,46.74,0.62
260.0,200,up,0,43.07,0.44,43.0,0.65,43.17,0.52,43.54,0.59,43.57,0.59,43.04,0.51,43.18,0.6,43.25,0.49,43.42,0.56,42.97,0.42
280.0,200,up,0,39.63,0.56,40.02,0.45,40.19,0.54,40.52,0.49,40.29,0.46,39.2,0.53,39.35,0.43,39.61,0.45,39.7,0.5,39.42,0.51
300.0,200,up,0,37.58,0.5,37.35,0.41,37.17,0.46,36.95,0.48,37.23,0.52,37.27,0.58,37.57,0.58,37.67,0.54,37.26,0.46,36.89,0.5
325.0,200,up,0,33.69,0.6,33.85,0.58,33.7,0.55,32.91,0.5,34.62,0.57,34.58,0.5,34.64,0.53,34.31,0.56,34.08,0.43,33.61,0.56
105.0,200,down,261,335.85,7.68,335.8,7.28,336.12,8.15,335.89,7.2,336.47,8.15,335.69,7.67,335.41,8.3,335.83,10.0,336.14,7.75,335.68,8.14
110.0,200,down,299,373.83,7.16,374.24,6.61,374.77,7.64,374.69,7.72,373.75,7.24,374.36,5.91,374.68,6.76,374.7,5.92,374.7,7.5,374.2,7.34
120.0,200,down,366,440.08,6.22,440.08,6.82,440.85,6.06,440.76,6.35,441.8,5.89,440.8,6.75,440.85,6.48,440.82,4.88,440.84,6.26,440.44,6.91
130.0,200,down,425,501.13,6.49,500.79,6.37,500.58,5.95,500.41,6.49,500.51,5.28,500.23,5.87,500.31,5.14,500.03,5.37,500.38,5.51,500.57,5.35
140.0,200,down,482,556.06,5.61,556.6,5.03,556.69,5.95,556.37,6.83,556.7,5.65,556.47,4.57,556.66,5.72,556.95,5.34,557.88,5.63,556.13,5.65
150.0,200,down,536,610.49,5.71,610.84,5.83,610.89,4.81,610.8,5.43,611.69,5.7,610.94,4.67,609.91,5.31,611.03,6.25,610.8,4.35,610.42,5.74
160.0,200,down,589,664.14,5.01,663.4,5.94,663.4,6.56,663.59,4.54,663.43,4.69,663.05,5.69,663.68,4.64,662.84,4.72,663.11,4.86,664.37,5.18
170.0,200,down,640,714.73,5.53,715.44,5.14,715.42,4.39,714.71,5.03,715.33,4.55,716.13,5.52,715.54,5.25,714.96,5.45,715.09,5.97,714.55,5.16
175.0,200,down,666,740.89,4.97,740.69,5.8,740.48,5.89,740.88,4.37,740.82,5.94,740.56,5.26,740.44,4.04,740.79,4.1,741.09,5.44,740.93,6.02
