v_track_mm_s,direction,shot,t_s
105.0,up,0,0.15490363901384951
105.0,up,1,0.15661051782057323
105.0,up,2,0.15489477675705518
105.0,up,3,0.15163220250769513
105.0,up,4,0.15259853342181728
105.0,up,5,0.15422902393717558
105.0,up,6,0.15521564220405853
105.0,up,7,0.153344921884736
105.0,up,8,0.1526986992632711
105.0,up,9,0.15151510314302538
105.0,down,0,0.32482031671630324
105.0,down,1,0.32744321539040183
105.0,down,2,0.3289890955435052
105.0,down,3,0.32938070070284814
105.0,down,4,0.3324742284113704
105.0,down,5,0.3242985668281699
105.0,down,6,0.3273653595083057
105.0,down,7,0.3302354154732001
105.0,down,8,0.33356418305873026
105.0,down,9,0.33508792113329694
110.0,up,0,0.13779963724345487
110.0,up,1,0.13777284251927233
110.0,up,2,0.13943115349251003
110.0,up,3,0.138448387777374
110.0,up,4,0.13834895716688345
110.0,up,5,0.13664078115404116
110.0,up,6,0.13766245947432285
110.0,up,7,0.13712146392635413
110.0,up,8,0.1376121944082595
110.0,up,9,0.13784625305171327
110.0,down,0,0.37502519119293776
110.0,down,1,0.3713684016415108
110.0,down,2,0.367758633662682
110.0,down,3,0.36916492059842526
110.0,down,4,0.3698238757426983
110.0,down,5,0.3699699718303788
110.0,down,6,0.3735216802994729
110.0,down,7,0.3735377168127439
110.0,down,8,0.37410953635354016
110.0,down,9,0.3696680156532196
115.0,up,0,0.12537483084378248
115.0,up,1,0.12534976276805646
115.0,up,2,0.12581309756911394
115.0,up,3,0.1258211387204832
115.0,up,4,0.12395000630900994
115.0,up,5,0.12667912483554034
115.0,up,6,0.12577865784063122
115.0,up,7,0.12565859365935142
115.0,up,8,0.12472857457004892
115.0,up,9,0.12690942722286472
115.0,down,0,0.4009648394578645
115.0,down,1,0.40190945114709925
115.0,down,2,0.40095697082821197
115.0,down,3,0.40636909710362223
115.0,down,4,0.40694543995303506
115.0,down,5,0.4032251177561532
115.0,down,6,0.39916019096784244
115.0,down,7,0.40609072799434953
115.0,down,8,0.4053958616263559
115.0,down,9,0.40579640969961617
120.0,up,0,0.11626943787886813
120.0,up,1,0.11684459139674934
120.0,up,2,0.11592833965599435
120.0,up,3,0.11662462044836625
120.0,up,4,0.11675736332270194
120.0,up,5,0.11569518286551968
120.0,up,6,0.11715134591085233
120.0,up,7,0.11616130731640834
120.0,up,8,0.11777264817360081
120.0,up,9,0.11645716622462197
120.0,down,0,0.43369397906614887
120.0,down,1,0.4404492867829388
120.0,down,2,0.4365583181007399
120.0,down,3,0.44047356274631305
120.0,down,4,0.43561396862954455
120.0,down,5,0.44004090487727304
120.0,down,6,0.43770361361859045
120.0,down,7,0.43898352713315736
120.0,down,8,0.43569063939365243
120.0,down,9,0.4402082595451293
125.0,up,0,0.109297499769378
125.0,up,1,0.1077963953609935
125.0,up,2,0.10732849410842285
125.0,up,3,0.10825334306049343
125.0,up,4,0.10854521520266025
125.0,up,5,0.10916017955995952
125.0,up,6,0.10793884198621924
125.0,up,7,0.1091491323372184
125.0,up,8,0.10839442058601333
125.0,up,9,0.11010682886830858
125.0,down,0,0.4672257433890079
125.0,down,1,0.46596922405396374
125.0,down,2,0.46522548095469346
125.0,down,3,0.46640756467287475
125.0,down,4,0.4685914033891411
125.0,down,5,0.46793495422750825
125.0,down,6,0.4650208274774597
125.0,down,7,0.47314458190700615
125.0,down,8,0.46874762713481644
125.0,down,9,0.4696600818586885
130.0,up,0,0.102417588626573
130.0,up,1,0.10280629146387028
130.0,up,2,0.10294305855351518
130.0,up,3,0.10235125632786611
130.0,up,4,0.10079213684683416
130.0,up,5,0.10325076757679547
130.0,up,6,0.10095054468215252
130.0,up,7,0.10304190686026313
130.0,up,8,0.10255974752126357
130.0,up,9,0.10221457851251663
130.0,down,0,0.4987756775051568
130.0,down,1,0.4999202111357986
130.0,down,2,0.4973746164738037
130.0,down,3,0.49747612538756214
130.0,down,4,0.5012968835195386
130.0,down,5,0.4915809370891804
130.0,down,6,0.49644958062002864
130.0,down,7,0.4990395932681624
130.0,down,8,0.49694904791852124
130.0,down,9,0.49666066079782345
135.0,up,0,0.0972116451588318
135.0,up,1,0.09667644641464256
135.0,up,2,0.09606577097539444
135.0,up,3,0.09625215383699949
135.0,up,4,0.09833665859586126
135.0,up,5,0.09645018485502196
135.0,up,6,0.09657710842205526
135.0,up,7,0.09771421106629548
135.0,up,8,0.09667251198681633
135.0,up,9,0.09554080123659586
135.0,down,0,0.5268909604184978
135.0,down,1,0.5263020923539353
135.0,down,2,0.5222785503939557
135.0,down,3,0.5229670855067031
135.0,down,4,0.5261728100641806
135.0,down,5,0.5253934402157557
135.0,down,6,0.5270371529201955
135.0,down,7,0.5262905930656828
135.0,down,8,0.5313364851164777
135.0,down,9,0.5224538450815256
140.0,up,0,0.09220031540335433
140.0,up,1,0.09050738277690099
140.0,up,2,0.09293441499803996
140.0,up,3,0.0934353959990142
140.0,up,4,0.09134510316034153
140.0,up,5,0.0923661928570029
140.0,up,6,0.09214375565858951
140.0,up,7,0.09065586348112491
140.0,up,8,0.0917383666301255
140.0,up,9,0.0913291311145012
140.0,down,0,0.5553708072486349
140.0,down,1,0.5559102904312074
140.0,down,2,0.5543620039246674
140.0,down,3,0.5500793834101552
140.0,down,4,0.5528371868483272
140.0,down,5,0.5563010315681808
140.0,down,6,0.5476375547426846
140.0,down,7,0.5519475339189469
140.0,down,8,0.5542142222821883
140.0,down,9,0.5521242511631751
145.0,up,0,0.08703198091366031
145.0,up,1,0.08768107172306809
145.0,up,2,0.08758601818527544
145.0,up,3,0.08734759046803973
145.0,up,4,0.08742045434778531
145.0,up,5,0.08798131966387984
145.0,up,6,0.08797100338260172
145.0,up,7,0.08829956246958323
145.0,up,8,0.08732173444751733
145.0,up,9,0.08839803416718543
145.0,down,0,0.5821974578035697
145.0,down,1,0.5801405680511662
145.0,down,2,0.5790148461725175
145.0,down,3,0.579284375082794
145.0,down,4,0.5808565795630368
145.0,down,5,0.5778459372875996
145.0,down,6,0.582846746445966
145.0,down,7,0.5813887236114946
145.0,down,8,0.5826917227396543
145.0,down,9,0.5812417766042396
150.0,up,0,0.08415650112931872
150.0,up,1,0.08325442328905085
150.0,up,2,0.0842635553920315
150.0,up,3,0.08442595735691995
150.0,up,4,0.08357537419368788
150.0,up,5,0.08357772462229854
150.0,up,6,0.08331328909363378
150.0,up,7,0.08384068745195138
150.0,up,8,0.08399030308343614
150.0,up,9,0.08309332762150104
150.0,down,0,0.608088068527167
150.0,down,1,0.6099484761789172
150.0,down,2,0.6088690141319255
150.0,down,3,0.6089880205952636
150.0,down,4,0.6094155367014804
150.0,down,5,0.6051466917768784
150.0,down,6,0.6107679261550492
150.0,down,7,0.6104184728358233
150.0,down,8,0.6061710707981806
150.0,down,9,0.6054397956963703
155.0,up,0,0.08027465557703692
155.0,up,1,0.08030170726798733
155.0,up,2,0.08025321246071296
155.0,up,3,0.07996602645080039
155.0,up,4,0.08007445091690703
155.0,up,5,0.07977177482349143
155.0,up,6,0.08036108297640544
155.0,up,7,0.08020197851786802
155.0,up,8,0.08068057156918737
155.0,up,9,0.07973261588742389
155.0,down,0,0.634484249194198
155.0,down,1,0.6361477255688791
155.0,down,2,0.6326282879022798
155.0,down,3,0.6325800497865084
155.0,down,4,0.6330099583158236
155.0,down,5,0.6357494123812288
155.0,down,6,0.635183072440686
155.0,down,7,0.6341323491974609
155.0,down,8,0.63209233595115
155.0,down,9,0.6352173233138324
160.0,up,0,0.07621393699777894
160.0,up,1,0.0771979371229904
160.0,up,2,0.07750298634196702
160.0,up,3,0.07599587791819164
160.0,up,4,0.07796599516374732
160.0,up,5,0.07745130594461126
160.0,up,6,0.0764225169270993
160.0,up,7,0.07744404752020219
160.0,up,8,0.0776460019237217
160.0,up,9,0.07790910685384896
160.0,down,0,0.6620571118027709
160.0,down,1,0.6610574001912859
160.0,down,2,0.6622751166718569
160.0,down,3,0.6593826556540849
160.0,down,4,0.662441580629858
160.0,down,5,0.6656726943689528
160.0,down,6,0.6608002724781533
160.0,down,7,0.6616167362313096
160.0,down,8,0.6631050565285083
160.0,down,9,0.6582140894377848
165.0,up,0,0.07355342650177873
165.0,up,1,0.07331304412578053
165.0,up,2,0.07451579030381866
165.0,up,3,0.07550208414871444
165.0,up,4,0.07420931755186042
165.0,up,5,0.0739016675163902
165.0,up,6,0.07464025048292638
165.0,up,7,0.07477307467758586
165.0,up,8,0.07301429119445314
165.0,up,9,0.07512758151387582
165.0,down,0,0.6854702539147508
165.0,down,1,0.6907207724435281
165.0,down,2,0.6869817033216353
165.0,down,3,0.6831735740032203
165.0,down,4,0.6914605608178682
165.0,down,5,0.68967118386662
165.0,down,6,0.6824296583827267
165.0,down,7,0.6867340938572549
165.0,down,8,0.680796664036916
165.0,down,9,0.6874880101836143
170.0,up,0,0.07061489884710884
170.0,up,1,0.07176395889800857
170.0,up,2,0.07160706911551785
170.0,up,3,0.07169125191785826
170.0,up,4,0.07111038255245929
170.0,up,5,0.07145432320151689
170.0,up,6,0.07212488643403345
170.0,up,7,0.07185893293924184
170.0,up,8,0.07087289248531488
170.0,up,9,0.07133688208000115
180.0,up,0,0.06717090151507109
180.0,up,1,0.06667178010852626
180.0,up,2,0.06590360709200505
180.0,up,3,0.06678773931148388
180.0,up,4,0.0662032337952645
180.0,up,5,0.06679812390978952
180.0,up,6,0.06628417961703793
180.0,up,7,0.06608325208799035
180.0,up,8,0.06718790788778226
180.0,up,9,0.0674801404034245
190.0,up,0,0.06280828266464351
190.0,up,1,0.062284179341793915
190.0,up,2,0.06319793844253996
190.0,up,3,0.06274151897263348
190.0,up,4,0.06280112355273933
190.0,up,5,0.06201198915167484
190.0,up,6,0.06307644869572138
190.0,up,7,0.062418740654573576
190.0,up,8,0.06267373422646405
190.0,up,9,0.06281818070621048
200.0,up,0,0.05884552185819963
200.0,up,1,0.059096714665267884
200.0,up,2,0.05887835816075655
200.0,up,3,0.05897056664661448
200.0,up,4,0.05920069669435286
200.0,up,5,0.05964731744047057
200.0,up,6,0.05923493879728963
200.0,up,7,0.05922498328079901
200.0,up,8,0.05881898648988522
200.0,up,9,0.059240015509375014
210.0,up,0,0.055545222760074876
210.0,up,1,0.05552427194214738
210.0,up,2,0.05569836382414573
210.0,up,3,0.055531173164935894
210.0,up,4,0.05647933129520621
210.0,up,5,0.05557109470632381
210.0,up,6,0.05614885838290063
210.0,up,7,0.055616858192118715
210.0,up,8,0.05572058674752485
210.0,up,9,0.05599438156523433
220.0,up,0,0.05295296273697767
220.0,up,1,0.05321488109528812
220.0,up,2,0.05386346543262225
220.0,up,3,0.05287663808112225
220.0,up,4,0.053576476483813196
220.0,up,5,0.05242297757277266
220.0,up,6,0.05253108675328385
220.0,up,7,0.05307142009052957
220.0,up,8,0.052774107024606484
220.0,up,9,0.05362256325049212
230.0,up,0,0.05122353504433788
230.0,up,1,0.05008072727421525
230.0,up,2,0.05052704461643148
230.0,up,3,0.05054486841771259
230.0,up,4,0.050613990830732085
230.0,up,5,0.05009545004694596
230.0,up,6,0.0503147438481972
230.0,up,7,0.05050163526426891
230.0,up,8,0.05086255533062249
230.0,up,9,0.050256442755273155
240.0,up,0,0.0489425542479431
240.0,up,1,0.04841460775980746
240.0,up,2,0.04752820300709121
240.0,up,3,0.04763987938792674
240.0,up,4,0.04880476576640191
240.0,up,5,0.04851693131616824
240.0,up,6,0.048091820233427986
240.0,up,7,0.04793245218215965
240.0,up,8,0.04837774297212733
240.0,up,9,0.047654711418687094
250.0,up,0,0.04633064105409822
250.0,up,1,0.04620100192142557
250.0,up,2,0.04589255060878125
250.0,up,3,0.046419732026675535
250.0,up,4,0.04566807728354637
250.0,up,5,0.045904939905978735
250.0,up,6,0.045513022315361015
250.0,up,7,0.04611293111949085
250.0,up,8,0.04604401182803561
250.0,up,9,0.0456691229581212
260.0,up,0,0.04370345140425778
260.0,up,1,0.044595525665460926
260.0,up,2,0.04415177475681295
260.0,up,3,0.04478362442466986
260.0,up,4,0.04402421714351408
260.0,up,5,0.04422182782268001
260.0,up,6,0.04453823104095964
260.0,up,7,0.04357146955425534
260.0,up,8,0.04373300313268941
260.0,up,9,0.043935003006142226
270.0,up,0,0.04258263398884931
270.0,up,1,0.042674147911571376
270.0,up,2,0.04240650869436416
270.0,up,3,0.042935211406549545
270.0,up,4,0.04209488142791792
270.0,up,5,0.04204632868674387
270.0,up,6,0.042091632736733595
270.0,up,7,0.04290700580288285
270.0,up,8,0.042153262943745405
270.0,up,9,0.042102916643875596
280.0,up,0,0.041044013901036826
280.0,up,1,0.03990328199422297
280.0,up,2,0.04090367788095059
280.0,up,3,0.04059761690329746
280.0,up,4,0.04081522520524872
280.0,up,5,0.04057161080225948
280.0,up,6,0.040601573033761676
280.0,up,7,0.04000036130721982
280.0,up,8,0.04089859791020785
280.0,up,9,0.04056440585116013
290.0,up,0,0.03916661200598382
290.0,up,1,0.0391306349397155
290.0,up,2,0.03949500979966026
290.0,up,3,0.03864188177921408
290.0,up,4,0.038745791695617725
290.0,up,5,0.03908975069169482
290.0,up,6,0.039088353279635966
290.0,up,7,0.03917439855993011
290.0,up,8,0.03891992990530772
290.0,up,9,0.04014376100646406
300.0,up,0,0.038024742974675764
300.0,up,1,0.03782584854772345
300.0,up,2,0.03774348482542617
300.0,up,3,0.03769949143245266
300.0,up,4,0.03788754393966258
300.0,up,5,0.03797519381548846
300.0,up,6,0.03857278989701567
300.0,up,7,0.03777699124210262
300.0,up,8,0.038151362851612136
300.0,up,9,0.037905827691804804
